-- MySQL dump 10.13  Distrib 5.7.15, for Linux (x86_64)
--
-- Host: localhost    Database: webapp_develop
-- ------------------------------------------------------
-- Server version	5.7.15-0ubuntu2

/*!40101 SET @OLD_CHARACTER_SET_CLIENT=@@CHARACTER_SET_CLIENT */;
/*!40101 SET @OLD_CHARACTER_SET_RESULTS=@@CHARACTER_SET_RESULTS */;
/*!40101 SET @OLD_COLLATION_CONNECTION=@@COLLATION_CONNECTION */;
/*!40101 SET NAMES utf8 */;
/*!40103 SET @OLD_TIME_ZONE=@@TIME_ZONE */;
/*!40103 SET TIME_ZONE='+00:00' */;
/*!40014 SET @OLD_UNIQUE_CHECKS=@@UNIQUE_CHECKS, UNIQUE_CHECKS=0 */;
/*!40014 SET @OLD_FOREIGN_KEY_CHECKS=@@FOREIGN_KEY_CHECKS, FOREIGN_KEY_CHECKS=0 */;
/*!40101 SET @OLD_SQL_MODE=@@SQL_MODE, SQL_MODE='NO_AUTO_VALUE_ON_ZERO' */;
/*!40111 SET @OLD_SQL_NOTES=@@SQL_NOTES, SQL_NOTES=0 */;

--
-- Table structure for table `ar_internal_metadata`
--

DROP TABLE IF EXISTS `ar_internal_metadata`;
/*!40101 SET @saved_cs_client     = @@character_set_client */;
/*!40101 SET character_set_client = utf8 */;
CREATE TABLE `ar_internal_metadata` (
  `key` varchar(255) NOT NULL,
  `value` varchar(255) DEFAULT NULL,
  `created_at` datetime NOT NULL,
  `updated_at` datetime NOT NULL,
  PRIMARY KEY (`key`)
) ENGINE=InnoDB DEFAULT CHARSET=utf8;
/*!40101 SET character_set_client = @saved_cs_client */;

--
-- Dumping data for table `ar_internal_metadata`
--

LOCK TABLES `ar_internal_metadata` WRITE;
/*!40000 ALTER TABLE `ar_internal_metadata` DISABLE KEYS */;
INSERT INTO `ar_internal_metadata` VALUES ('environment','development','2017-01-10 01:02:54','2017-01-10 01:02:54');
/*!40000 ALTER TABLE `ar_internal_metadata` ENABLE KEYS */;
UNLOCK TABLES;

--
-- Table structure for table `meals`
--

DROP TABLE IF EXISTS `meals`;
/*!40101 SET @saved_cs_client     = @@character_set_client */;
/*!40101 SET character_set_client = utf8 */;
CREATE TABLE `meals` (
  `id` int(11) NOT NULL AUTO_INCREMENT,
  `description` varchar(255) DEFAULT NULL,
  `calories` int(11) DEFAULT NULL,
  `user_id` int(11) DEFAULT NULL,
  `date` date DEFAULT NULL,
  `time` time DEFAULT NULL,
  `created_at` datetime NOT NULL,
  `updated_at` datetime NOT NULL,
  PRIMARY KEY (`id`),
  KEY `index_meals_on_user_id` (`user_id`)
) ENGINE=InnoDB AUTO_INCREMENT=451 DEFAULT CHARSET=utf8;
/*!40101 SET character_set_client = @saved_cs_client */;

--
-- Dumping data for table `meals`
--

LOCK TABLES `meals` WRITE;
/*!40000 ALTER TABLE `meals` DISABLE KEYS */;
INSERT INTO `meals` VALUES (1,'Meal 0 for user r0@null.com',100,1,'2017-01-09','01:03:01','2017-01-10 01:03:01','2017-01-10 01:03:01'),(2,'Meal 1 for user r0@null.com',101,1,'2017-01-08','00:03:01','2017-01-10 01:03:01','2017-01-10 01:03:01'),(3,'Meal 2 for user r0@null.com',102,1,'2017-01-07','23:03:01','2017-01-10 01:03:01','2017-01-10 01:03:01'),(4,'Meal 3 for user r0@null.com',103,1,'2017-01-06','22:03:01','2017-01-10 01:03:01','2017-01-10 01:03:01'),(5,'Meal 4 for user r0@null.com',104,1,'2017-01-05','21:03:01','2017-01-10 01:03:01','2017-01-10 01:03:01'),(6,'Meal 5 for user r0@null.com',105,1,'2017-01-04','20:03:01','2017-01-10 01:03:01','2017-01-10 01:03:01'),(7,'Meal 6 for user r0@null.com',106,1,'2017-01-03','19:03:01','2017-01-10 01:03:01','2017-01-10 01:03:01'),(8,'Meal 7 for user r0@null.com',107,1,'2017-01-02','18:03:01','2017-01-10 01:03:01','2017-01-10 01:03:01'),(9,'Meal 8 for user r0@null.com',108,1,'2017-01-01','17:03:01','2017-01-10 01:03:01','2017-01-10 01:03:01'),(10,'Meal 9 for user r0@null.com',109,1,'2016-12-31','16:03:01','2017-01-10 01:03:01','2017-01-10 01:03:01'),(11,'Meal 10 for user r0@null.com',110,1,'2016-12-30','15:03:01','2017-01-10 01:03:01','2017-01-10 01:03:01'),(12,'Meal 11 for user r0@null.com',111,1,'2016-12-29','14:03:01','2017-01-10 01:03:01','2017-01-10 01:03:01'),(13,'Meal 12 for user r0@null.com',112,1,'2016-12-28','13:03:01','2017-01-10 01:03:01','2017-01-10 01:03:01'),(14,'Meal 13 for user r0@null.com',113,1,'2016-12-27','12:03:01','2017-01-10 01:03:01','2017-01-10 01:03:01'),(15,'Meal 14 for user r0@null.com',114,1,'2016-12-26','11:03:01','2017-01-10 01:03:01','2017-01-10 01:03:01'),(16,'Meal 0 for user m0@null.com',100,2,'2017-01-09','01:03:01','2017-01-10 01:03:01','2017-01-10 01:03:01'),(17,'Meal 1 for user m0@null.com',101,2,'2017-01-08','00:03:01','2017-01-10 01:03:01','2017-01-10 01:03:01'),(18,'Meal 2 for user m0@null.com',102,2,'2017-01-07','23:03:01','2017-01-10 01:03:01','2017-01-10 01:03:01'),(19,'Meal 3 for user m0@null.com',103,2,'2017-01-06','22:03:01','2017-01-10 01:03:01','2017-01-10 01:03:01'),(20,'Meal 4 for user m0@null.com',104,2,'2017-01-05','21:03:01','2017-01-10 01:03:01','2017-01-10 01:03:01'),(21,'Meal 5 for user m0@null.com',105,2,'2017-01-04','20:03:01','2017-01-10 01:03:01','2017-01-10 01:03:01'),(22,'Meal 6 for user m0@null.com',106,2,'2017-01-03','19:03:01','2017-01-10 01:03:01','2017-01-10 01:03:01'),(23,'Meal 7 for user m0@null.com',107,2,'2017-01-02','18:03:01','2017-01-10 01:03:01','2017-01-10 01:03:01'),(24,'Meal 8 for user m0@null.com',108,2,'2017-01-01','17:03:01','2017-01-10 01:03:01','2017-01-10 01:03:01'),(25,'Meal 9 for user m0@null.com',109,2,'2016-12-31','16:03:01','2017-01-10 01:03:01','2017-01-10 01:03:01'),(26,'Meal 10 for user m0@null.com',110,2,'2016-12-30','15:03:01','2017-01-10 01:03:01','2017-01-10 01:03:01'),(27,'Meal 11 for user m0@null.com',111,2,'2016-12-29','14:03:01','2017-01-10 01:03:01','2017-01-10 01:03:01'),(28,'Meal 12 for user m0@null.com',112,2,'2016-12-28','13:03:01','2017-01-10 01:03:01','2017-01-10 01:03:01'),(29,'Meal 13 for user m0@null.com',113,2,'2016-12-27','12:03:01','2017-01-10 01:03:01','2017-01-10 01:03:01'),(30,'Meal 14 for user m0@null.com',114,2,'2016-12-26','11:03:01','2017-01-10 01:03:01','2017-01-10 01:03:01'),(31,'Meal 0 for user a0@null.com',100,3,'2017-01-09','01:03:01','2017-01-10 01:03:01','2017-01-10 01:03:01'),(32,'Meal 1 for user a0@null.com',101,3,'2017-01-08','00:03:01','2017-01-10 01:03:01','2017-01-10 01:03:01'),(33,'Meal 2 for user a0@null.com',102,3,'2017-01-07','23:03:01','2017-01-10 01:03:01','2017-01-10 01:03:01'),(34,'Meal 3 for user a0@null.com',103,3,'2017-01-06','22:03:01','2017-01-10 01:03:01','2017-01-10 01:03:01'),(35,'Meal 4 for user a0@null.com',104,3,'2017-01-05','21:03:01','2017-01-10 01:03:01','2017-01-10 01:03:01'),(36,'Meal 5 for user a0@null.com',105,3,'2017-01-04','20:03:01','2017-01-10 01:03:01','2017-01-10 01:03:01'),(37,'Meal 6 for user a0@null.com',106,3,'2017-01-03','19:03:01','2017-01-10 01:03:01','2017-01-10 01:03:01'),(38,'Meal 7 for user a0@null.com',107,3,'2017-01-02','18:03:01','2017-01-10 01:03:01','2017-01-10 01:03:01'),(39,'Meal 8 for user a0@null.com',108,3,'2017-01-01','17:03:01','2017-01-10 01:03:01','2017-01-10 01:03:01'),(40,'Meal 9 for user a0@null.com',109,3,'2016-12-31','16:03:01','2017-01-10 01:03:01','2017-01-10 01:03:01'),(41,'Meal 10 for user a0@null.com',110,3,'2016-12-30','15:03:01','2017-01-10 01:03:01','2017-01-10 01:03:01'),(42,'Meal 11 for user a0@null.com',111,3,'2016-12-29','14:03:01','2017-01-10 01:03:01','2017-01-10 01:03:01'),(43,'Meal 12 for user a0@null.com',112,3,'2016-12-28','13:03:01','2017-01-10 01:03:01','2017-01-10 01:03:01'),(44,'Meal 13 for user a0@null.com',113,3,'2016-12-27','12:03:01','2017-01-10 01:03:01','2017-01-10 01:03:01'),(45,'Meal 14 for user a0@null.com',114,3,'2016-12-26','11:03:01','2017-01-10 01:03:01','2017-01-10 01:03:01'),(46,'Meal 0 for user r1@null.com',100,4,'2017-01-09','01:03:01','2017-01-10 01:03:01','2017-01-10 01:03:01'),(47,'Meal 1 for user r1@null.com',101,4,'2017-01-08','00:03:01','2017-01-10 01:03:01','2017-01-10 01:03:01'),(48,'Meal 2 for user r1@null.com',102,4,'2017-01-07','23:03:01','2017-01-10 01:03:01','2017-01-10 01:03:01'),(49,'Meal 3 for user r1@null.com',103,4,'2017-01-06','22:03:01','2017-01-10 01:03:01','2017-01-10 01:03:01'),(50,'Meal 4 for user r1@null.com',104,4,'2017-01-05','21:03:01','2017-01-10 01:03:01','2017-01-10 01:03:01'),(51,'Meal 5 for user r1@null.com',105,4,'2017-01-04','20:03:01','2017-01-10 01:03:01','2017-01-10 01:03:01'),(52,'Meal 6 for user r1@null.com',106,4,'2017-01-03','19:03:01','2017-01-10 01:03:01','2017-01-10 01:03:01'),(53,'Meal 7 for user r1@null.com',107,4,'2017-01-02','18:03:01','2017-01-10 01:03:01','2017-01-10 01:03:01'),(54,'Meal 8 for user r1@null.com',108,4,'2017-01-01','17:03:01','2017-01-10 01:03:01','2017-01-10 01:03:01'),(55,'Meal 9 for user r1@null.com',109,4,'2016-12-31','16:03:01','2017-01-10 01:03:01','2017-01-10 01:03:01'),(56,'Meal 10 for user r1@null.com',110,4,'2016-12-30','15:03:01','2017-01-10 01:03:01','2017-01-10 01:03:01'),(57,'Meal 11 for user r1@null.com',111,4,'2016-12-29','14:03:01','2017-01-10 01:03:01','2017-01-10 01:03:01'),(58,'Meal 12 for user r1@null.com',112,4,'2016-12-28','13:03:01','2017-01-10 01:03:01','2017-01-10 01:03:01'),(59,'Meal 13 for user r1@null.com',113,4,'2016-12-27','12:03:01','2017-01-10 01:03:01','2017-01-10 01:03:01'),(60,'Meal 14 for user r1@null.com',114,4,'2016-12-26','11:03:01','2017-01-10 01:03:01','2017-01-10 01:03:01'),(61,'Meal 0 for user m1@null.com',100,5,'2017-01-09','01:03:01','2017-01-10 01:03:01','2017-01-10 01:03:01'),(62,'Meal 1 for user m1@null.com',101,5,'2017-01-08','00:03:01','2017-01-10 01:03:01','2017-01-10 01:03:01'),(63,'Meal 2 for user m1@null.com',102,5,'2017-01-07','23:03:01','2017-01-10 01:03:01','2017-01-10 01:03:01'),(64,'Meal 3 for user m1@null.com',103,5,'2017-01-06','22:03:01','2017-01-10 01:03:01','2017-01-10 01:03:01'),(65,'Meal 4 for user m1@null.com',104,5,'2017-01-05','21:03:01','2017-01-10 01:03:01','2017-01-10 01:03:01'),(66,'Meal 5 for user m1@null.com',105,5,'2017-01-04','20:03:01','2017-01-10 01:03:01','2017-01-10 01:03:01'),(67,'Meal 6 for user m1@null.com',106,5,'2017-01-03','19:03:01','2017-01-10 01:03:01','2017-01-10 01:03:01'),(68,'Meal 7 for user m1@null.com',107,5,'2017-01-02','18:03:01','2017-01-10 01:03:01','2017-01-10 01:03:01'),(69,'Meal 8 for user m1@null.com',108,5,'2017-01-01','17:03:01','2017-01-10 01:03:01','2017-01-10 01:03:01'),(70,'Meal 9 for user m1@null.com',109,5,'2016-12-31','16:03:01','2017-01-10 01:03:01','2017-01-10 01:03:01'),(71,'Meal 10 for user m1@null.com',110,5,'2016-12-30','15:03:01','2017-01-10 01:03:01','2017-01-10 01:03:01'),(72,'Meal 11 for user m1@null.com',111,5,'2016-12-29','14:03:01','2017-01-10 01:03:01','2017-01-10 01:03:01'),(73,'Meal 12 for user m1@null.com',112,5,'2016-12-28','13:03:01','2017-01-10 01:03:01','2017-01-10 01:03:01'),(74,'Meal 13 for user m1@null.com',113,5,'2016-12-27','12:03:01','2017-01-10 01:03:01','2017-01-10 01:03:01'),(75,'Meal 14 for user m1@null.com',114,5,'2016-12-26','11:03:01','2017-01-10 01:03:01','2017-01-10 01:03:01'),(76,'Meal 0 for user a1@null.com',100,6,'2017-01-09','01:03:01','2017-01-10 01:03:01','2017-01-10 01:03:01'),(77,'Meal 1 for user a1@null.com',101,6,'2017-01-08','00:03:01','2017-01-10 01:03:01','2017-01-10 01:03:01'),(78,'Meal 2 for user a1@null.com',102,6,'2017-01-07','23:03:01','2017-01-10 01:03:01','2017-01-10 01:03:01'),(79,'Meal 3 for user a1@null.com',103,6,'2017-01-06','22:03:01','2017-01-10 01:03:01','2017-01-10 01:03:01'),(80,'Meal 4 for user a1@null.com',104,6,'2017-01-05','21:03:01','2017-01-10 01:03:01','2017-01-10 01:03:01'),(81,'Meal 5 for user a1@null.com',105,6,'2017-01-04','20:03:01','2017-01-10 01:03:01','2017-01-10 01:03:01'),(82,'Meal 6 for user a1@null.com',106,6,'2017-01-03','19:03:01','2017-01-10 01:03:01','2017-01-10 01:03:01'),(83,'Meal 7 for user a1@null.com',107,6,'2017-01-02','18:03:01','2017-01-10 01:03:01','2017-01-10 01:03:01'),(84,'Meal 8 for user a1@null.com',108,6,'2017-01-01','17:03:01','2017-01-10 01:03:01','2017-01-10 01:03:01'),(85,'Meal 9 for user a1@null.com',109,6,'2016-12-31','16:03:01','2017-01-10 01:03:01','2017-01-10 01:03:01'),(86,'Meal 10 for user a1@null.com',110,6,'2016-12-30','15:03:01','2017-01-10 01:03:01','2017-01-10 01:03:01'),(87,'Meal 11 for user a1@null.com',111,6,'2016-12-29','14:03:01','2017-01-10 01:03:01','2017-01-10 01:03:01'),(88,'Meal 12 for user a1@null.com',112,6,'2016-12-28','13:03:01','2017-01-10 01:03:01','2017-01-10 01:03:01'),(89,'Meal 13 for user a1@null.com',113,6,'2016-12-27','12:03:01','2017-01-10 01:03:01','2017-01-10 01:03:01'),(90,'Meal 14 for user a1@null.com',114,6,'2016-12-26','11:03:01','2017-01-10 01:03:01','2017-01-10 01:03:01'),(91,'Meal 0 for user r2@null.com',100,7,'2017-01-09','01:03:01','2017-01-10 01:03:01','2017-01-10 01:03:01'),(92,'Meal 1 for user r2@null.com',101,7,'2017-01-08','00:03:01','2017-01-10 01:03:01','2017-01-10 01:03:01'),(93,'Meal 2 for user r2@null.com',102,7,'2017-01-07','23:03:01','2017-01-10 01:03:01','2017-01-10 01:03:01'),(94,'Meal 3 for user r2@null.com',103,7,'2017-01-06','22:03:01','2017-01-10 01:03:01','2017-01-10 01:03:01'),(95,'Meal 4 for user r2@null.com',104,7,'2017-01-05','21:03:01','2017-01-10 01:03:01','2017-01-10 01:03:01'),(96,'Meal 5 for user r2@null.com',105,7,'2017-01-04','20:03:01','2017-01-10 01:03:01','2017-01-10 01:03:01'),(97,'Meal 6 for user r2@null.com',106,7,'2017-01-03','19:03:01','2017-01-10 01:03:01','2017-01-10 01:03:01'),(98,'Meal 7 for user r2@null.com',107,7,'2017-01-02','18:03:02','2017-01-10 01:03:02','2017-01-10 01:03:02'),(99,'Meal 8 for user r2@null.com',108,7,'2017-01-01','17:03:02','2017-01-10 01:03:02','2017-01-10 01:03:02'),(100,'Meal 9 for user r2@null.com',109,7,'2016-12-31','16:03:02','2017-01-10 01:03:02','2017-01-10 01:03:02'),(101,'Meal 10 for user r2@null.com',110,7,'2016-12-30','15:03:02','2017-01-10 01:03:02','2017-01-10 01:03:02'),(102,'Meal 11 for user r2@null.com',111,7,'2016-12-29','14:03:02','2017-01-10 01:03:02','2017-01-10 01:03:02'),(103,'Meal 12 for user r2@null.com',112,7,'2016-12-28','13:03:02','2017-01-10 01:03:02','2017-01-10 01:03:02'),(104,'Meal 13 for user r2@null.com',113,7,'2016-12-27','12:03:02','2017-01-10 01:03:02','2017-01-10 01:03:02'),(105,'Meal 14 for user r2@null.com',114,7,'2016-12-26','11:03:02','2017-01-10 01:03:02','2017-01-10 01:03:02'),(106,'Meal 0 for user m2@null.com',100,8,'2017-01-09','01:03:02','2017-01-10 01:03:02','2017-01-10 01:03:02'),(107,'Meal 1 for user m2@null.com',101,8,'2017-01-08','00:03:02','2017-01-10 01:03:02','2017-01-10 01:03:02'),(108,'Meal 2 for user m2@null.com',102,8,'2017-01-07','23:03:02','2017-01-10 01:03:02','2017-01-10 01:03:02'),(109,'Meal 3 for user m2@null.com',103,8,'2017-01-06','22:03:02','2017-01-10 01:03:02','2017-01-10 01:03:02'),(110,'Meal 4 for user m2@null.com',104,8,'2017-01-05','21:03:02','2017-01-10 01:03:02','2017-01-10 01:03:02'),(111,'Meal 5 for user m2@null.com',105,8,'2017-01-04','20:03:02','2017-01-10 01:03:02','2017-01-10 01:03:02'),(112,'Meal 6 for user m2@null.com',106,8,'2017-01-03','19:03:02','2017-01-10 01:03:02','2017-01-10 01:03:02'),(113,'Meal 7 for user m2@null.com',107,8,'2017-01-02','18:03:02','2017-01-10 01:03:02','2017-01-10 01:03:02'),(114,'Meal 8 for user m2@null.com',108,8,'2017-01-01','17:03:02','2017-01-10 01:03:02','2017-01-10 01:03:02'),(115,'Meal 9 for user m2@null.com',109,8,'2016-12-31','16:03:02','2017-01-10 01:03:02','2017-01-10 01:03:02'),(116,'Meal 10 for user m2@null.com',110,8,'2016-12-30','15:03:02','2017-01-10 01:03:02','2017-01-10 01:03:02'),(117,'Meal 11 for user m2@null.com',111,8,'2016-12-29','14:03:02','2017-01-10 01:03:02','2017-01-10 01:03:02'),(118,'Meal 12 for user m2@null.com',112,8,'2016-12-28','13:03:02','2017-01-10 01:03:02','2017-01-10 01:03:02'),(119,'Meal 13 for user m2@null.com',113,8,'2016-12-27','12:03:02','2017-01-10 01:03:02','2017-01-10 01:03:02'),(120,'Meal 14 for user m2@null.com',114,8,'2016-12-26','11:03:02','2017-01-10 01:03:02','2017-01-10 01:03:02'),(121,'Meal 0 for user a2@null.com',100,9,'2017-01-09','01:03:02','2017-01-10 01:03:02','2017-01-10 01:03:02'),(122,'Meal 1 for user a2@null.com',101,9,'2017-01-08','00:03:02','2017-01-10 01:03:02','2017-01-10 01:03:02'),(123,'Meal 2 for user a2@null.com',102,9,'2017-01-07','23:03:02','2017-01-10 01:03:02','2017-01-10 01:03:02'),(124,'Meal 3 for user a2@null.com',103,9,'2017-01-06','22:03:02','2017-01-10 01:03:02','2017-01-10 01:03:02'),(125,'Meal 4 for user a2@null.com',104,9,'2017-01-05','21:03:02','2017-01-10 01:03:02','2017-01-10 01:03:02'),(126,'Meal 5 for user a2@null.com',105,9,'2017-01-04','20:03:02','2017-01-10 01:03:02','2017-01-10 01:03:02'),(127,'Meal 6 for user a2@null.com',106,9,'2017-01-03','19:03:02','2017-01-10 01:03:02','2017-01-10 01:03:02'),(128,'Meal 7 for user a2@null.com',107,9,'2017-01-02','18:03:02','2017-01-10 01:03:02','2017-01-10 01:03:02'),(129,'Meal 8 for user a2@null.com',108,9,'2017-01-01','17:03:02','2017-01-10 01:03:02','2017-01-10 01:03:02'),(130,'Meal 9 for user a2@null.com',109,9,'2016-12-31','16:03:02','2017-01-10 01:03:02','2017-01-10 01:03:02'),(131,'Meal 10 for user a2@null.com',110,9,'2016-12-30','15:03:02','2017-01-10 01:03:02','2017-01-10 01:03:02'),(132,'Meal 11 for user a2@null.com',111,9,'2016-12-29','14:03:02','2017-01-10 01:03:02','2017-01-10 01:03:02'),(133,'Meal 12 for user a2@null.com',112,9,'2016-12-28','13:03:02','2017-01-10 01:03:02','2017-01-10 01:03:02'),(134,'Meal 13 for user a2@null.com',113,9,'2016-12-27','12:03:02','2017-01-10 01:03:02','2017-01-10 01:03:02'),(135,'Meal 14 for user a2@null.com',114,9,'2016-12-26','11:03:02','2017-01-10 01:03:02','2017-01-10 01:03:02'),(136,'Meal 0 for user r3@null.com',100,10,'2017-01-09','01:03:02','2017-01-10 01:03:02','2017-01-10 01:03:02'),(137,'Meal 1 for user r3@null.com',101,10,'2017-01-08','00:03:02','2017-01-10 01:03:02','2017-01-10 01:03:02'),(138,'Meal 2 for user r3@null.com',102,10,'2017-01-07','23:03:02','2017-01-10 01:03:02','2017-01-10 01:03:02'),(139,'Meal 3 for user r3@null.com',103,10,'2017-01-06','22:03:02','2017-01-10 01:03:02','2017-01-10 01:03:02'),(140,'Meal 4 for user r3@null.com',104,10,'2017-01-05','21:03:02','2017-01-10 01:03:02','2017-01-10 01:03:02'),(141,'Meal 5 for user r3@null.com',105,10,'2017-01-04','20:03:02','2017-01-10 01:03:02','2017-01-10 01:03:02'),(142,'Meal 6 for user r3@null.com',106,10,'2017-01-03','19:03:02','2017-01-10 01:03:02','2017-01-10 01:03:02'),(143,'Meal 7 for user r3@null.com',107,10,'2017-01-02','18:03:02','2017-01-10 01:03:02','2017-01-10 01:03:02'),(144,'Meal 8 for user r3@null.com',108,10,'2017-01-01','17:03:02','2017-01-10 01:03:02','2017-01-10 01:03:02'),(145,'Meal 9 for user r3@null.com',109,10,'2016-12-31','16:03:02','2017-01-10 01:03:02','2017-01-10 01:03:02'),(146,'Meal 10 for user r3@null.com',110,10,'2016-12-30','15:03:02','2017-01-10 01:03:02','2017-01-10 01:03:02'),(147,'Meal 11 for user r3@null.com',111,10,'2016-12-29','14:03:02','2017-01-10 01:03:02','2017-01-10 01:03:02'),(148,'Meal 12 for user r3@null.com',112,10,'2016-12-28','13:03:02','2017-01-10 01:03:02','2017-01-10 01:03:02'),(149,'Meal 13 for user r3@null.com',113,10,'2016-12-27','12:03:02','2017-01-10 01:03:02','2017-01-10 01:03:02'),(150,'Meal 14 for user r3@null.com',114,10,'2016-12-26','11:03:02','2017-01-10 01:03:02','2017-01-10 01:03:02'),(151,'Meal 0 for user m3@null.com',100,11,'2017-01-09','01:03:02','2017-01-10 01:03:02','2017-01-10 01:03:02'),(152,'Meal 1 for user m3@null.com',101,11,'2017-01-08','00:03:02','2017-01-10 01:03:02','2017-01-10 01:03:02'),(153,'Meal 2 for user m3@null.com',102,11,'2017-01-07','23:03:02','2017-01-10 01:03:02','2017-01-10 01:03:02'),(154,'Meal 3 for user m3@null.com',103,11,'2017-01-06','22:03:02','2017-01-10 01:03:02','2017-01-10 01:03:02'),(155,'Meal 4 for user m3@null.com',104,11,'2017-01-05','21:03:02','2017-01-10 01:03:02','2017-01-10 01:03:02'),(156,'Meal 5 for user m3@null.com',105,11,'2017-01-04','20:03:02','2017-01-10 01:03:02','2017-01-10 01:03:02'),(157,'Meal 6 for user m3@null.com',106,11,'2017-01-03','19:03:02','2017-01-10 01:03:02','2017-01-10 01:03:02'),(158,'Meal 7 for user m3@null.com',107,11,'2017-01-02','18:03:02','2017-01-10 01:03:02','2017-01-10 01:03:02'),(159,'Meal 8 for user m3@null.com',108,11,'2017-01-01','17:03:02','2017-01-10 01:03:02','2017-01-10 01:03:02'),(160,'Meal 9 for user m3@null.com',109,11,'2016-12-31','16:03:02','2017-01-10 01:03:02','2017-01-10 01:03:02'),(161,'Meal 10 for user m3@null.com',110,11,'2016-12-30','15:03:02','2017-01-10 01:03:02','2017-01-10 01:03:02'),(162,'Meal 11 for user m3@null.com',111,11,'2016-12-29','14:03:02','2017-01-10 01:03:02','2017-01-10 01:03:02'),(163,'Meal 12 for user m3@null.com',112,11,'2016-12-28','13:03:02','2017-01-10 01:03:02','2017-01-10 01:03:02'),(164,'Meal 13 for user m3@null.com',113,11,'2016-12-27','12:03:02','2017-01-10 01:03:02','2017-01-10 01:03:02'),(165,'Meal 14 for user m3@null.com',114,11,'2016-12-26','11:03:02','2017-01-10 01:03:02','2017-01-10 01:03:02'),(166,'Meal 0 for user a3@null.com',100,12,'2017-01-09','01:03:02','2017-01-10 01:03:02','2017-01-10 01:03:02'),(167,'Meal 1 for user a3@null.com',101,12,'2017-01-08','00:03:02','2017-01-10 01:03:02','2017-01-10 01:03:02'),(168,'Meal 2 for user a3@null.com',102,12,'2017-01-07','23:03:02','2017-01-10 01:03:02','2017-01-10 01:03:02'),(169,'Meal 3 for user a3@null.com',103,12,'2017-01-06','22:03:02','2017-01-10 01:03:02','2017-01-10 01:03:02'),(170,'Meal 4 for user a3@null.com',104,12,'2017-01-05','21:03:02','2017-01-10 01:03:02','2017-01-10 01:03:02'),(171,'Meal 5 for user a3@null.com',105,12,'2017-01-04','20:03:02','2017-01-10 01:03:02','2017-01-10 01:03:02'),(172,'Meal 6 for user a3@null.com',106,12,'2017-01-03','19:03:02','2017-01-10 01:03:02','2017-01-10 01:03:02'),(173,'Meal 7 for user a3@null.com',107,12,'2017-01-02','18:03:02','2017-01-10 01:03:02','2017-01-10 01:03:02'),(174,'Meal 8 for user a3@null.com',108,12,'2017-01-01','17:03:02','2017-01-10 01:03:02','2017-01-10 01:03:02'),(175,'Meal 9 for user a3@null.com',109,12,'2016-12-31','16:03:02','2017-01-10 01:03:02','2017-01-10 01:03:02'),(176,'Meal 10 for user a3@null.com',110,12,'2016-12-30','15:03:02','2017-01-10 01:03:02','2017-01-10 01:03:02'),(177,'Meal 11 for user a3@null.com',111,12,'2016-12-29','14:03:02','2017-01-10 01:03:02','2017-01-10 01:03:02'),(178,'Meal 12 for user a3@null.com',112,12,'2016-12-28','13:03:02','2017-01-10 01:03:02','2017-01-10 01:03:02'),(179,'Meal 13 for user a3@null.com',113,12,'2016-12-27','12:03:02','2017-01-10 01:03:02','2017-01-10 01:03:02'),(180,'Meal 14 for user a3@null.com',114,12,'2016-12-26','11:03:02','2017-01-10 01:03:02','2017-01-10 01:03:02'),(181,'Meal 0 for user r4@null.com',100,13,'2017-01-09','01:03:02','2017-01-10 01:03:02','2017-01-10 01:03:02'),(182,'Meal 1 for user r4@null.com',101,13,'2017-01-08','00:03:02','2017-01-10 01:03:02','2017-01-10 01:03:02'),(183,'Meal 2 for user r4@null.com',102,13,'2017-01-07','23:03:02','2017-01-10 01:03:02','2017-01-10 01:03:02'),(184,'Meal 3 for user r4@null.com',103,13,'2017-01-06','22:03:02','2017-01-10 01:03:02','2017-01-10 01:03:02'),(185,'Meal 4 for user r4@null.com',104,13,'2017-01-05','21:03:02','2017-01-10 01:03:02','2017-01-10 01:03:02'),(186,'Meal 5 for user r4@null.com',105,13,'2017-01-04','20:03:02','2017-01-10 01:03:02','2017-01-10 01:03:02'),(187,'Meal 6 for user r4@null.com',106,13,'2017-01-03','19:03:02','2017-01-10 01:03:02','2017-01-10 01:03:02'),(188,'Meal 7 for user r4@null.com',107,13,'2017-01-02','18:03:02','2017-01-10 01:03:02','2017-01-10 01:03:02'),(189,'Meal 8 for user r4@null.com',108,13,'2017-01-01','17:03:02','2017-01-10 01:03:02','2017-01-10 01:03:02'),(190,'Meal 9 for user r4@null.com',109,13,'2016-12-31','16:03:02','2017-01-10 01:03:02','2017-01-10 01:03:02'),(191,'Meal 10 for user r4@null.com',110,13,'2016-12-30','15:03:02','2017-01-10 01:03:02','2017-01-10 01:03:02'),(192,'Meal 11 for user r4@null.com',111,13,'2016-12-29','14:03:02','2017-01-10 01:03:02','2017-01-10 01:03:02'),(193,'Meal 12 for user r4@null.com',112,13,'2016-12-28','13:03:02','2017-01-10 01:03:02','2017-01-10 01:03:02'),(194,'Meal 13 for user r4@null.com',113,13,'2016-12-27','12:03:02','2017-01-10 01:03:02','2017-01-10 01:03:02'),(195,'Meal 14 for user r4@null.com',114,13,'2016-12-26','11:03:02','2017-01-10 01:03:02','2017-01-10 01:03:02'),(196,'Meal 0 for user m4@null.com',100,14,'2017-01-09','01:03:02','2017-01-10 01:03:02','2017-01-10 01:03:02'),(197,'Meal 1 for user m4@null.com',101,14,'2017-01-08','00:03:02','2017-01-10 01:03:02','2017-01-10 01:03:02'),(198,'Meal 2 for user m4@null.com',102,14,'2017-01-07','23:03:02','2017-01-10 01:03:02','2017-01-10 01:03:02'),(199,'Meal 3 for user m4@null.com',103,14,'2017-01-06','22:03:02','2017-01-10 01:03:02','2017-01-10 01:03:02'),(200,'Meal 4 for user m4@null.com',104,14,'2017-01-05','21:03:02','2017-01-10 01:03:02','2017-01-10 01:03:02'),(201,'Meal 5 for user m4@null.com',105,14,'2017-01-04','20:03:02','2017-01-10 01:03:02','2017-01-10 01:03:02'),(202,'Meal 6 for user m4@null.com',106,14,'2017-01-03','19:03:02','2017-01-10 01:03:02','2017-01-10 01:03:02'),(203,'Meal 7 for user m4@null.com',107,14,'2017-01-02','18:03:02','2017-01-10 01:03:02','2017-01-10 01:03:02'),(204,'Meal 8 for user m4@null.com',108,14,'2017-01-01','17:03:02','2017-01-10 01:03:02','2017-01-10 01:03:02'),(205,'Meal 9 for user m4@null.com',109,14,'2016-12-31','16:03:02','2017-01-10 01:03:02','2017-01-10 01:03:02'),(206,'Meal 10 for user m4@null.com',110,14,'2016-12-30','15:03:02','2017-01-10 01:03:02','2017-01-10 01:03:02'),(207,'Meal 11 for user m4@null.com',111,14,'2016-12-29','14:03:02','2017-01-10 01:03:02','2017-01-10 01:03:02'),(208,'Meal 12 for user m4@null.com',112,14,'2016-12-28','13:03:02','2017-01-10 01:03:02','2017-01-10 01:03:02'),(209,'Meal 13 for user m4@null.com',113,14,'2016-12-27','12:03:02','2017-01-10 01:03:02','2017-01-10 01:03:02'),(210,'Meal 14 for user m4@null.com',114,14,'2016-12-26','11:03:02','2017-01-10 01:03:02','2017-01-10 01:03:02'),(211,'Meal 0 for user a4@null.com',100,15,'2017-01-09','01:03:02','2017-01-10 01:03:02','2017-01-10 01:03:02'),(212,'Meal 1 for user a4@null.com',101,15,'2017-01-08','00:03:02','2017-01-10 01:03:02','2017-01-10 01:03:02'),(213,'Meal 2 for user a4@null.com',102,15,'2017-01-07','23:03:02','2017-01-10 01:03:02','2017-01-10 01:03:02'),(214,'Meal 3 for user a4@null.com',103,15,'2017-01-06','22:03:02','2017-01-10 01:03:02','2017-01-10 01:03:02'),(215,'Meal 4 for user a4@null.com',104,15,'2017-01-05','21:03:02','2017-01-10 01:03:02','2017-01-10 01:03:02'),(216,'Meal 5 for user a4@null.com',105,15,'2017-01-04','20:03:02','2017-01-10 01:03:02','2017-01-10 01:03:02'),(217,'Meal 6 for user a4@null.com',106,15,'2017-01-03','19:03:02','2017-01-10 01:03:02','2017-01-10 01:03:02'),(218,'Meal 7 for user a4@null.com',107,15,'2017-01-02','18:03:02','2017-01-10 01:03:02','2017-01-10 01:03:02'),(219,'Meal 8 for user a4@null.com',108,15,'2017-01-01','17:03:02','2017-01-10 01:03:02','2017-01-10 01:03:02'),(220,'Meal 9 for user a4@null.com',109,15,'2016-12-31','16:03:02','2017-01-10 01:03:02','2017-01-10 01:03:02'),(221,'Meal 10 for user a4@null.com',110,15,'2016-12-30','15:03:02','2017-01-10 01:03:02','2017-01-10 01:03:02'),(222,'Meal 11 for user a4@null.com',111,15,'2016-12-29','14:03:02','2017-01-10 01:03:02','2017-01-10 01:03:02'),(223,'Meal 12 for user a4@null.com',112,15,'2016-12-28','13:03:02','2017-01-10 01:03:02','2017-01-10 01:03:02'),(224,'Meal 13 for user a4@null.com',113,15,'2016-12-27','12:03:02','2017-01-10 01:03:02','2017-01-10 01:03:02'),(225,'Meal 14 for user a4@null.com',114,15,'2016-12-26','11:03:02','2017-01-10 01:03:02','2017-01-10 01:03:02'),(226,'Meal 0 for user r5@null.com',100,16,'2017-01-09','01:03:02','2017-01-10 01:03:02','2017-01-10 01:03:02'),(227,'Meal 1 for user r5@null.com',101,16,'2017-01-08','00:03:02','2017-01-10 01:03:02','2017-01-10 01:03:02'),(228,'Meal 2 for user r5@null.com',102,16,'2017-01-07','23:03:02','2017-01-10 01:03:02','2017-01-10 01:03:02'),(229,'Meal 3 for user r5@null.com',103,16,'2017-01-06','22:03:02','2017-01-10 01:03:02','2017-01-10 01:03:02'),(230,'Meal 4 for user r5@null.com',104,16,'2017-01-05','21:03:02','2017-01-10 01:03:02','2017-01-10 01:03:02'),(231,'Meal 5 for user r5@null.com',105,16,'2017-01-04','20:03:02','2017-01-10 01:03:02','2017-01-10 01:03:02'),(232,'Meal 6 for user r5@null.com',106,16,'2017-01-03','19:03:02','2017-01-10 01:03:02','2017-01-10 01:03:02'),(233,'Meal 7 for user r5@null.com',107,16,'2017-01-02','18:03:02','2017-01-10 01:03:02','2017-01-10 01:03:02'),(234,'Meal 8 for user r5@null.com',108,16,'2017-01-01','17:03:02','2017-01-10 01:03:02','2017-01-10 01:03:02'),(235,'Meal 9 for user r5@null.com',109,16,'2016-12-31','16:03:02','2017-01-10 01:03:02','2017-01-10 01:03:02'),(236,'Meal 10 for user r5@null.com',110,16,'2016-12-30','15:03:02','2017-01-10 01:03:02','2017-01-10 01:03:02'),(237,'Meal 11 for user r5@null.com',111,16,'2016-12-29','14:03:02','2017-01-10 01:03:02','2017-01-10 01:03:02'),(238,'Meal 12 for user r5@null.com',112,16,'2016-12-28','13:03:02','2017-01-10 01:03:02','2017-01-10 01:03:02'),(239,'Meal 13 for user r5@null.com',113,16,'2016-12-27','12:03:02','2017-01-10 01:03:02','2017-01-10 01:03:02'),(240,'Meal 14 for user r5@null.com',114,16,'2016-12-26','11:03:02','2017-01-10 01:03:02','2017-01-10 01:03:02'),(241,'Meal 0 for user m5@null.com',100,17,'2017-01-09','01:03:02','2017-01-10 01:03:02','2017-01-10 01:03:02'),(242,'Meal 1 for user m5@null.com',101,17,'2017-01-08','00:03:02','2017-01-10 01:03:02','2017-01-10 01:03:02'),(243,'Meal 2 for user m5@null.com',102,17,'2017-01-07','23:03:02','2017-01-10 01:03:02','2017-01-10 01:03:02'),(244,'Meal 3 for user m5@null.com',103,17,'2017-01-06','22:03:02','2017-01-10 01:03:02','2017-01-10 01:03:02'),(245,'Meal 4 for user m5@null.com',104,17,'2017-01-05','21:03:02','2017-01-10 01:03:02','2017-01-10 01:03:02'),(246,'Meal 5 for user m5@null.com',105,17,'2017-01-04','20:03:02','2017-01-10 01:03:02','2017-01-10 01:03:02'),(247,'Meal 6 for user m5@null.com',106,17,'2017-01-03','19:03:02','2017-01-10 01:03:02','2017-01-10 01:03:02'),(248,'Meal 7 for user m5@null.com',107,17,'2017-01-02','18:03:02','2017-01-10 01:03:02','2017-01-10 01:03:02'),(249,'Meal 8 for user m5@null.com',108,17,'2017-01-01','17:03:02','2017-01-10 01:03:02','2017-01-10 01:03:02'),(250,'Meal 9 for user m5@null.com',109,17,'2016-12-31','16:03:02','2017-01-10 01:03:02','2017-01-10 01:03:02'),(251,'Meal 10 for user m5@null.com',110,17,'2016-12-30','15:03:02','2017-01-10 01:03:02','2017-01-10 01:03:02'),(252,'Meal 11 for user m5@null.com',111,17,'2016-12-29','14:03:02','2017-01-10 01:03:02','2017-01-10 01:03:02'),(253,'Meal 12 for user m5@null.com',112,17,'2016-12-28','13:03:02','2017-01-10 01:03:02','2017-01-10 01:03:02'),(254,'Meal 13 for user m5@null.com',113,17,'2016-12-27','12:03:02','2017-01-10 01:03:02','2017-01-10 01:03:02'),(255,'Meal 14 for user m5@null.com',114,17,'2016-12-26','11:03:02','2017-01-10 01:03:02','2017-01-10 01:03:02'),(256,'Meal 0 for user a5@null.com',100,18,'2017-01-09','01:03:02','2017-01-10 01:03:02','2017-01-10 01:03:02'),(257,'Meal 1 for user a5@null.com',101,18,'2017-01-08','00:03:02','2017-01-10 01:03:02','2017-01-10 01:03:02'),(258,'Meal 2 for user a5@null.com',102,18,'2017-01-07','23:03:02','2017-01-10 01:03:02','2017-01-10 01:03:02'),(259,'Meal 3 for user a5@null.com',103,18,'2017-01-06','22:03:02','2017-01-10 01:03:02','2017-01-10 01:03:02'),(260,'Meal 4 for user a5@null.com',104,18,'2017-01-05','21:03:02','2017-01-10 01:03:02','2017-01-10 01:03:02'),(261,'Meal 5 for user a5@null.com',105,18,'2017-01-04','20:03:02','2017-01-10 01:03:02','2017-01-10 01:03:02'),(262,'Meal 6 for user a5@null.com',106,18,'2017-01-03','19:03:02','2017-01-10 01:03:02','2017-01-10 01:03:02'),(263,'Meal 7 for user a5@null.com',107,18,'2017-01-02','18:03:02','2017-01-10 01:03:02','2017-01-10 01:03:02'),(264,'Meal 8 for user a5@null.com',108,18,'2017-01-01','17:03:02','2017-01-10 01:03:02','2017-01-10 01:03:02'),(265,'Meal 9 for user a5@null.com',109,18,'2016-12-31','16:03:02','2017-01-10 01:03:02','2017-01-10 01:03:02'),(266,'Meal 10 for user a5@null.com',110,18,'2016-12-30','15:03:02','2017-01-10 01:03:02','2017-01-10 01:03:02'),(267,'Meal 11 for user a5@null.com',111,18,'2016-12-29','14:03:02','2017-01-10 01:03:02','2017-01-10 01:03:02'),(268,'Meal 12 for user a5@null.com',112,18,'2016-12-28','13:03:02','2017-01-10 01:03:02','2017-01-10 01:03:02'),(269,'Meal 13 for user a5@null.com',113,18,'2016-12-27','12:03:02','2017-01-10 01:03:02','2017-01-10 01:03:02'),(270,'Meal 14 for user a5@null.com',114,18,'2016-12-26','11:03:02','2017-01-10 01:03:02','2017-01-10 01:03:02'),(271,'Meal 0 for user r6@null.com',100,19,'2017-01-09','01:03:02','2017-01-10 01:03:02','2017-01-10 01:03:02'),(272,'Meal 1 for user r6@null.com',101,19,'2017-01-08','00:03:02','2017-01-10 01:03:02','2017-01-10 01:03:02'),(273,'Meal 2 for user r6@null.com',102,19,'2017-01-07','23:03:02','2017-01-10 01:03:02','2017-01-10 01:03:02'),(274,'Meal 3 for user r6@null.com',103,19,'2017-01-06','22:03:02','2017-01-10 01:03:02','2017-01-10 01:03:02'),(275,'Meal 4 for user r6@null.com',104,19,'2017-01-05','21:03:02','2017-01-10 01:03:02','2017-01-10 01:03:02'),(276,'Meal 5 for user r6@null.com',105,19,'2017-01-04','20:03:02','2017-01-10 01:03:02','2017-01-10 01:03:02'),(277,'Meal 6 for user r6@null.com',106,19,'2017-01-03','19:03:02','2017-01-10 01:03:02','2017-01-10 01:03:02'),(278,'Meal 7 for user r6@null.com',107,19,'2017-01-02','18:03:02','2017-01-10 01:03:02','2017-01-10 01:03:02'),(279,'Meal 8 for user r6@null.com',108,19,'2017-01-01','17:03:02','2017-01-10 01:03:02','2017-01-10 01:03:02'),(280,'Meal 9 for user r6@null.com',109,19,'2016-12-31','16:03:02','2017-01-10 01:03:02','2017-01-10 01:03:02'),(281,'Meal 10 for user r6@null.com',110,19,'2016-12-30','15:03:02','2017-01-10 01:03:02','2017-01-10 01:03:02'),(282,'Meal 11 for user r6@null.com',111,19,'2016-12-29','14:03:02','2017-01-10 01:03:02','2017-01-10 01:03:02'),(283,'Meal 12 for user r6@null.com',112,19,'2016-12-28','13:03:02','2017-01-10 01:03:02','2017-01-10 01:03:02'),(284,'Meal 13 for user r6@null.com',113,19,'2016-12-27','12:03:02','2017-01-10 01:03:02','2017-01-10 01:03:02'),(285,'Meal 14 for user r6@null.com',114,19,'2016-12-26','11:03:02','2017-01-10 01:03:02','2017-01-10 01:03:02'),(286,'Meal 0 for user m6@null.com',100,20,'2017-01-09','01:03:02','2017-01-10 01:03:02','2017-01-10 01:03:02'),(287,'Meal 1 for user m6@null.com',101,20,'2017-01-08','00:03:02','2017-01-10 01:03:02','2017-01-10 01:03:02'),(288,'Meal 2 for user m6@null.com',102,20,'2017-01-07','23:03:02','2017-01-10 01:03:02','2017-01-10 01:03:02'),(289,'Meal 3 for user m6@null.com',103,20,'2017-01-06','22:03:02','2017-01-10 01:03:02','2017-01-10 01:03:02'),(290,'Meal 4 for user m6@null.com',104,20,'2017-01-05','21:03:02','2017-01-10 01:03:02','2017-01-10 01:03:02'),(291,'Meal 5 for user m6@null.com',105,20,'2017-01-04','20:03:02','2017-01-10 01:03:02','2017-01-10 01:03:02'),(292,'Meal 6 for user m6@null.com',106,20,'2017-01-03','19:03:02','2017-01-10 01:03:02','2017-01-10 01:03:02'),(293,'Meal 7 for user m6@null.com',107,20,'2017-01-02','18:03:02','2017-01-10 01:03:02','2017-01-10 01:03:02'),(294,'Meal 8 for user m6@null.com',108,20,'2017-01-01','17:03:02','2017-01-10 01:03:02','2017-01-10 01:03:02'),(295,'Meal 9 for user m6@null.com',109,20,'2016-12-31','16:03:02','2017-01-10 01:03:02','2017-01-10 01:03:02'),(296,'Meal 10 for user m6@null.com',110,20,'2016-12-30','15:03:02','2017-01-10 01:03:02','2017-01-10 01:03:02'),(297,'Meal 11 for user m6@null.com',111,20,'2016-12-29','14:03:02','2017-01-10 01:03:02','2017-01-10 01:03:02'),(298,'Meal 12 for user m6@null.com',112,20,'2016-12-28','13:03:02','2017-01-10 01:03:02','2017-01-10 01:03:02'),(299,'Meal 13 for user m6@null.com',113,20,'2016-12-27','12:03:02','2017-01-10 01:03:02','2017-01-10 01:03:02'),(300,'Meal 14 for user m6@null.com',114,20,'2016-12-26','11:03:02','2017-01-10 01:03:02','2017-01-10 01:03:02'),(301,'Meal 0 for user a6@null.com',100,21,'2017-01-09','01:03:02','2017-01-10 01:03:02','2017-01-10 01:03:02'),(302,'Meal 1 for user a6@null.com',101,21,'2017-01-08','00:03:02','2017-01-10 01:03:02','2017-01-10 01:03:02'),(303,'Meal 2 for user a6@null.com',102,21,'2017-01-07','23:03:02','2017-01-10 01:03:02','2017-01-10 01:03:02'),(304,'Meal 3 for user a6@null.com',103,21,'2017-01-06','22:03:02','2017-01-10 01:03:02','2017-01-10 01:03:02'),(305,'Meal 4 for user a6@null.com',104,21,'2017-01-05','21:03:02','2017-01-10 01:03:02','2017-01-10 01:03:02'),(306,'Meal 5 for user a6@null.com',105,21,'2017-01-04','20:03:02','2017-01-10 01:03:02','2017-01-10 01:03:02'),(307,'Meal 6 for user a6@null.com',106,21,'2017-01-03','19:03:02','2017-01-10 01:03:02','2017-01-10 01:03:02'),(308,'Meal 7 for user a6@null.com',107,21,'2017-01-02','18:03:02','2017-01-10 01:03:02','2017-01-10 01:03:02'),(309,'Meal 8 for user a6@null.com',108,21,'2017-01-01','17:03:02','2017-01-10 01:03:02','2017-01-10 01:03:02'),(310,'Meal 9 for user a6@null.com',109,21,'2016-12-31','16:03:02','2017-01-10 01:03:02','2017-01-10 01:03:02'),(311,'Meal 10 for user a6@null.com',110,21,'2016-12-30','15:03:02','2017-01-10 01:03:02','2017-01-10 01:03:02'),(312,'Meal 11 for user a6@null.com',111,21,'2016-12-29','14:03:02','2017-01-10 01:03:02','2017-01-10 01:03:02'),(313,'Meal 12 for user a6@null.com',112,21,'2016-12-28','13:03:02','2017-01-10 01:03:02','2017-01-10 01:03:02'),(314,'Meal 13 for user a6@null.com',113,21,'2016-12-27','12:03:02','2017-01-10 01:03:02','2017-01-10 01:03:02'),(315,'Meal 14 for user a6@null.com',114,21,'2016-12-26','11:03:02','2017-01-10 01:03:02','2017-01-10 01:03:02'),(316,'Meal 0 for user r7@null.com',100,22,'2017-01-09','01:03:02','2017-01-10 01:03:02','2017-01-10 01:03:02'),(317,'Meal 1 for user r7@null.com',101,22,'2017-01-08','00:03:02','2017-01-10 01:03:02','2017-01-10 01:03:02'),(318,'Meal 2 for user r7@null.com',102,22,'2017-01-07','23:03:02','2017-01-10 01:03:02','2017-01-10 01:03:02'),(319,'Meal 3 for user r7@null.com',103,22,'2017-01-06','22:03:02','2017-01-10 01:03:02','2017-01-10 01:03:02'),(320,'Meal 4 for user r7@null.com',104,22,'2017-01-05','21:03:02','2017-01-10 01:03:02','2017-01-10 01:03:02'),(321,'Meal 5 for user r7@null.com',105,22,'2017-01-04','20:03:02','2017-01-10 01:03:02','2017-01-10 01:03:02'),(322,'Meal 6 for user r7@null.com',106,22,'2017-01-03','19:03:02','2017-01-10 01:03:02','2017-01-10 01:03:02'),(323,'Meal 7 for user r7@null.com',107,22,'2017-01-02','18:03:02','2017-01-10 01:03:02','2017-01-10 01:03:02'),(324,'Meal 8 for user r7@null.com',108,22,'2017-01-01','17:03:02','2017-01-10 01:03:02','2017-01-10 01:03:02'),(325,'Meal 9 for user r7@null.com',109,22,'2016-12-31','16:03:02','2017-01-10 01:03:02','2017-01-10 01:03:02'),(326,'Meal 10 for user r7@null.com',110,22,'2016-12-30','15:03:02','2017-01-10 01:03:02','2017-01-10 01:03:02'),(327,'Meal 11 for user r7@null.com',111,22,'2016-12-29','14:03:02','2017-01-10 01:03:02','2017-01-10 01:03:02'),(328,'Meal 12 for user r7@null.com',112,22,'2016-12-28','13:03:02','2017-01-10 01:03:02','2017-01-10 01:03:02'),(329,'Meal 13 for user r7@null.com',113,22,'2016-12-27','12:03:02','2017-01-10 01:03:02','2017-01-10 01:03:02'),(330,'Meal 14 for user r7@null.com',114,22,'2016-12-26','11:03:02','2017-01-10 01:03:02','2017-01-10 01:03:02'),(331,'Meal 0 for user m7@null.com',100,23,'2017-01-09','01:03:02','2017-01-10 01:03:02','2017-01-10 01:03:02'),(332,'Meal 1 for user m7@null.com',101,23,'2017-01-08','00:03:02','2017-01-10 01:03:02','2017-01-10 01:03:02'),(333,'Meal 2 for user m7@null.com',102,23,'2017-01-07','23:03:02','2017-01-10 01:03:02','2017-01-10 01:03:02'),(334,'Meal 3 for user m7@null.com',103,23,'2017-01-06','22:03:02','2017-01-10 01:03:02','2017-01-10 01:03:02'),(335,'Meal 4 for user m7@null.com',104,23,'2017-01-05','21:03:02','2017-01-10 01:03:02','2017-01-10 01:03:02'),(336,'Meal 5 for user m7@null.com',105,23,'2017-01-04','20:03:02','2017-01-10 01:03:02','2017-01-10 01:03:02'),(337,'Meal 6 for user m7@null.com',106,23,'2017-01-03','19:03:02','2017-01-10 01:03:02','2017-01-10 01:03:02'),(338,'Meal 7 for user m7@null.com',107,23,'2017-01-02','18:03:02','2017-01-10 01:03:02','2017-01-10 01:03:02'),(339,'Meal 8 for user m7@null.com',108,23,'2017-01-01','17:03:02','2017-01-10 01:03:02','2017-01-10 01:03:02'),(340,'Meal 9 for user m7@null.com',109,23,'2016-12-31','16:03:02','2017-01-10 01:03:02','2017-01-10 01:03:02'),(341,'Meal 10 for user m7@null.com',110,23,'2016-12-30','15:03:02','2017-01-10 01:03:02','2017-01-10 01:03:02'),(342,'Meal 11 for user m7@null.com',111,23,'2016-12-29','14:03:02','2017-01-10 01:03:02','2017-01-10 01:03:02'),(343,'Meal 12 for user m7@null.com',112,23,'2016-12-28','13:03:02','2017-01-10 01:03:02','2017-01-10 01:03:02'),(344,'Meal 13 for user m7@null.com',113,23,'2016-12-27','12:03:02','2017-01-10 01:03:02','2017-01-10 01:03:02'),(345,'Meal 14 for user m7@null.com',114,23,'2016-12-26','11:03:02','2017-01-10 01:03:02','2017-01-10 01:03:02'),(346,'Meal 0 for user a7@null.com',100,24,'2017-01-09','01:03:02','2017-01-10 01:03:02','2017-01-10 01:03:02'),(347,'Meal 1 for user a7@null.com',101,24,'2017-01-08','00:03:02','2017-01-10 01:03:02','2017-01-10 01:03:02'),(348,'Meal 2 for user a7@null.com',102,24,'2017-01-07','23:03:02','2017-01-10 01:03:02','2017-01-10 01:03:02'),(349,'Meal 3 for user a7@null.com',103,24,'2017-01-06','22:03:02','2017-01-10 01:03:02','2017-01-10 01:03:02'),(350,'Meal 4 for user a7@null.com',104,24,'2017-01-05','21:03:02','2017-01-10 01:03:02','2017-01-10 01:03:02'),(351,'Meal 5 for user a7@null.com',105,24,'2017-01-04','20:03:02','2017-01-10 01:03:02','2017-01-10 01:03:02'),(352,'Meal 6 for user a7@null.com',106,24,'2017-01-03','19:03:02','2017-01-10 01:03:02','2017-01-10 01:03:02'),(353,'Meal 7 for user a7@null.com',107,24,'2017-01-02','18:03:02','2017-01-10 01:03:02','2017-01-10 01:03:02'),(354,'Meal 8 for user a7@null.com',108,24,'2017-01-01','17:03:02','2017-01-10 01:03:02','2017-01-10 01:03:02'),(355,'Meal 9 for user a7@null.com',109,24,'2016-12-31','16:03:02','2017-01-10 01:03:02','2017-01-10 01:03:02'),(356,'Meal 10 for user a7@null.com',110,24,'2016-12-30','15:03:02','2017-01-10 01:03:02','2017-01-10 01:03:02'),(357,'Meal 11 for user a7@null.com',111,24,'2016-12-29','14:03:02','2017-01-10 01:03:02','2017-01-10 01:03:02'),(358,'Meal 12 for user a7@null.com',112,24,'2016-12-28','13:03:03','2017-01-10 01:03:03','2017-01-10 01:03:03'),(359,'Meal 13 for user a7@null.com',113,24,'2016-12-27','12:03:03','2017-01-10 01:03:03','2017-01-10 01:03:03'),(360,'Meal 14 for user a7@null.com',114,24,'2016-12-26','11:03:03','2017-01-10 01:03:03','2017-01-10 01:03:03'),(361,'Meal 0 for user r8@null.com',100,25,'2017-01-09','01:03:03','2017-01-10 01:03:03','2017-01-10 01:03:03'),(362,'Meal 1 for user r8@null.com',101,25,'2017-01-08','00:03:03','2017-01-10 01:03:03','2017-01-10 01:03:03'),(363,'Meal 2 for user r8@null.com',102,25,'2017-01-07','23:03:03','2017-01-10 01:03:03','2017-01-10 01:03:03'),(364,'Meal 3 for user r8@null.com',103,25,'2017-01-06','22:03:03','2017-01-10 01:03:03','2017-01-10 01:03:03'),(365,'Meal 4 for user r8@null.com',104,25,'2017-01-05','21:03:03','2017-01-10 01:03:03','2017-01-10 01:03:03'),(366,'Meal 5 for user r8@null.com',105,25,'2017-01-04','20:03:03','2017-01-10 01:03:03','2017-01-10 01:03:03'),(367,'Meal 6 for user r8@null.com',106,25,'2017-01-03','19:03:03','2017-01-10 01:03:03','2017-01-10 01:03:03'),(368,'Meal 7 for user r8@null.com',107,25,'2017-01-02','18:03:03','2017-01-10 01:03:03','2017-01-10 01:03:03'),(369,'Meal 8 for user r8@null.com',108,25,'2017-01-01','17:03:03','2017-01-10 01:03:03','2017-01-10 01:03:03'),(370,'Meal 9 for user r8@null.com',109,25,'2016-12-31','16:03:03','2017-01-10 01:03:03','2017-01-10 01:03:03'),(371,'Meal 10 for user r8@null.com',110,25,'2016-12-30','15:03:03','2017-01-10 01:03:03','2017-01-10 01:03:03'),(372,'Meal 11 for user r8@null.com',111,25,'2016-12-29','14:03:03','2017-01-10 01:03:03','2017-01-10 01:03:03'),(373,'Meal 12 for user r8@null.com',112,25,'2016-12-28','13:03:03','2017-01-10 01:03:03','2017-01-10 01:03:03'),(374,'Meal 13 for user r8@null.com',113,25,'2016-12-27','12:03:03','2017-01-10 01:03:03','2017-01-10 01:03:03'),(375,'Meal 14 for user r8@null.com',114,25,'2016-12-26','11:03:03','2017-01-10 01:03:03','2017-01-10 01:03:03'),(376,'Meal 0 for user m8@null.com',100,26,'2017-01-09','01:03:03','2017-01-10 01:03:03','2017-01-10 01:03:03'),(377,'Meal 1 for user m8@null.com',101,26,'2017-01-08','00:03:03','2017-01-10 01:03:03','2017-01-10 01:03:03'),(378,'Meal 2 for user m8@null.com',102,26,'2017-01-07','23:03:03','2017-01-10 01:03:03','2017-01-10 01:03:03'),(379,'Meal 3 for user m8@null.com',103,26,'2017-01-06','22:03:03','2017-01-10 01:03:03','2017-01-10 01:03:03'),(380,'Meal 4 for user m8@null.com',104,26,'2017-01-05','21:03:03','2017-01-10 01:03:03','2017-01-10 01:03:03'),(381,'Meal 5 for user m8@null.com',105,26,'2017-01-04','20:03:03','2017-01-10 01:03:03','2017-01-10 01:03:03'),(382,'Meal 6 for user m8@null.com',106,26,'2017-01-03','19:03:03','2017-01-10 01:03:03','2017-01-10 01:03:03'),(383,'Meal 7 for user m8@null.com',107,26,'2017-01-02','18:03:03','2017-01-10 01:03:03','2017-01-10 01:03:03'),(384,'Meal 8 for user m8@null.com',108,26,'2017-01-01','17:03:03','2017-01-10 01:03:03','2017-01-10 01:03:03'),(385,'Meal 9 for user m8@null.com',109,26,'2016-12-31','16:03:03','2017-01-10 01:03:03','2017-01-10 01:03:03'),(386,'Meal 10 for user m8@null.com',110,26,'2016-12-30','15:03:03','2017-01-10 01:03:03','2017-01-10 01:03:03'),(387,'Meal 11 for user m8@null.com',111,26,'2016-12-29','14:03:03','2017-01-10 01:03:03','2017-01-10 01:03:03'),(388,'Meal 12 for user m8@null.com',112,26,'2016-12-28','13:03:03','2017-01-10 01:03:03','2017-01-10 01:03:03'),(389,'Meal 13 for user m8@null.com',113,26,'2016-12-27','12:03:03','2017-01-10 01:03:03','2017-01-10 01:03:03'),(390,'Meal 14 for user m8@null.com',114,26,'2016-12-26','11:03:03','2017-01-10 01:03:03','2017-01-10 01:03:03'),(391,'Meal 0 for user a8@null.com',100,27,'2017-01-09','01:03:03','2017-01-10 01:03:03','2017-01-10 01:03:03'),(392,'Meal 1 for user a8@null.com',101,27,'2017-01-08','00:03:03','2017-01-10 01:03:03','2017-01-10 01:03:03'),(393,'Meal 2 for user a8@null.com',102,27,'2017-01-07','23:03:03','2017-01-10 01:03:03','2017-01-10 01:03:03'),(394,'Meal 3 for user a8@null.com',103,27,'2017-01-06','22:03:03','2017-01-10 01:03:03','2017-01-10 01:03:03'),(395,'Meal 4 for user a8@null.com',104,27,'2017-01-05','21:03:03','2017-01-10 01:03:03','2017-01-10 01:03:03'),(396,'Meal 5 for user a8@null.com',105,27,'2017-01-04','20:03:03','2017-01-10 01:03:03','2017-01-10 01:03:03'),(397,'Meal 6 for user a8@null.com',106,27,'2017-01-03','19:03:03','2017-01-10 01:03:03','2017-01-10 01:03:03'),(398,'Meal 7 for user a8@null.com',107,27,'2017-01-02','18:03:03','2017-01-10 01:03:03','2017-01-10 01:03:03'),(399,'Meal 8 for user a8@null.com',108,27,'2017-01-01','17:03:03','2017-01-10 01:03:03','2017-01-10 01:03:03'),(400,'Meal 9 for user a8@null.com',109,27,'2016-12-31','16:03:03','2017-01-10 01:03:03','2017-01-10 01:03:03'),(401,'Meal 10 for user a8@null.com',110,27,'2016-12-30','15:03:03','2017-01-10 01:03:03','2017-01-10 01:03:03'),(402,'Meal 11 for user a8@null.com',111,27,'2016-12-29','14:03:03','2017-01-10 01:03:03','2017-01-10 01:03:03'),(403,'Meal 12 for user a8@null.com',112,27,'2016-12-28','13:03:03','2017-01-10 01:03:03','2017-01-10 01:03:03'),(404,'Meal 13 for user a8@null.com',113,27,'2016-12-27','12:03:03','2017-01-10 01:03:03','2017-01-10 01:03:03'),(405,'Meal 14 for user a8@null.com',114,27,'2016-12-26','11:03:03','2017-01-10 01:03:03','2017-01-10 01:03:03'),(406,'Meal 0 for user r9@null.com',100,28,'2017-01-09','01:03:03','2017-01-10 01:03:03','2017-01-10 01:03:03'),(407,'Meal 1 for user r9@null.com',101,28,'2017-01-08','00:03:03','2017-01-10 01:03:03','2017-01-10 01:03:03'),(408,'Meal 2 for user r9@null.com',102,28,'2017-01-07','23:03:03','2017-01-10 01:03:03','2017-01-10 01:03:03'),(409,'Meal 3 for user r9@null.com',103,28,'2017-01-06','22:03:03','2017-01-10 01:03:03','2017-01-10 01:03:03'),(410,'Meal 4 for user r9@null.com',104,28,'2017-01-05','21:03:03','2017-01-10 01:03:03','2017-01-10 01:03:03'),(411,'Meal 5 for user r9@null.com',105,28,'2017-01-04','20:03:03','2017-01-10 01:03:03','2017-01-10 01:03:03'),(412,'Meal 6 for user r9@null.com',106,28,'2017-01-03','19:03:03','2017-01-10 01:03:03','2017-01-10 01:03:03'),(413,'Meal 7 for user r9@null.com',107,28,'2017-01-02','18:03:03','2017-01-10 01:03:03','2017-01-10 01:03:03'),(414,'Meal 8 for user r9@null.com',108,28,'2017-01-01','17:03:03','2017-01-10 01:03:03','2017-01-10 01:03:03'),(415,'Meal 9 for user r9@null.com',109,28,'2016-12-31','16:03:03','2017-01-10 01:03:03','2017-01-10 01:03:03'),(416,'Meal 10 for user r9@null.com',110,28,'2016-12-30','15:03:03','2017-01-10 01:03:03','2017-01-10 01:03:03'),(417,'Meal 11 for user r9@null.com',111,28,'2016-12-29','14:03:03','2017-01-10 01:03:03','2017-01-10 01:03:03'),(418,'Meal 12 for user r9@null.com',112,28,'2016-12-28','13:03:03','2017-01-10 01:03:03','2017-01-10 01:03:03'),(419,'Meal 13 for user r9@null.com',113,28,'2016-12-27','12:03:03','2017-01-10 01:03:03','2017-01-10 01:03:03'),(420,'Meal 14 for user r9@null.com',114,28,'2016-12-26','11:03:03','2017-01-10 01:03:03','2017-01-10 01:03:03'),(421,'Meal 0 for user m9@null.com',100,29,'2017-01-09','01:03:03','2017-01-10 01:03:03','2017-01-10 01:03:03'),(422,'Meal 1 for user m9@null.com',101,29,'2017-01-08','00:03:03','2017-01-10 01:03:03','2017-01-10 01:03:03'),(423,'Meal 2 for user m9@null.com',102,29,'2017-01-07','23:03:03','2017-01-10 01:03:03','2017-01-10 01:03:03'),(424,'Meal 3 for user m9@null.com',103,29,'2017-01-06','22:03:03','2017-01-10 01:03:03','2017-01-10 01:03:03'),(425,'Meal 4 for user m9@null.com',104,29,'2017-01-05','21:03:03','2017-01-10 01:03:03','2017-01-10 01:03:03'),(426,'Meal 5 for user m9@null.com',105,29,'2017-01-04','20:03:03','2017-01-10 01:03:03','2017-01-10 01:03:03'),(427,'Meal 6 for user m9@null.com',106,29,'2017-01-03','19:03:03','2017-01-10 01:03:03','2017-01-10 01:03:03'),(428,'Meal 7 for user m9@null.com',107,29,'2017-01-02','18:03:03','2017-01-10 01:03:03','2017-01-10 01:03:03'),(429,'Meal 8 for user m9@null.com',108,29,'2017-01-01','17:03:03','2017-01-10 01:03:03','2017-01-10 01:03:03'),(430,'Meal 9 for user m9@null.com',109,29,'2016-12-31','16:03:03','2017-01-10 01:03:03','2017-01-10 01:03:03'),(431,'Meal 10 for user m9@null.com',110,29,'2016-12-30','15:03:03','2017-01-10 01:03:03','2017-01-10 01:03:03'),(432,'Meal 11 for user m9@null.com',111,29,'2016-12-29','14:03:03','2017-01-10 01:03:03','2017-01-10 01:03:03'),(433,'Meal 12 for user m9@null.com',112,29,'2016-12-28','13:03:03','2017-01-10 01:03:03','2017-01-10 01:03:03'),(434,'Meal 13 for user m9@null.com',113,29,'2016-12-27','12:03:03','2017-01-10 01:03:03','2017-01-10 01:03:03'),(435,'Meal 14 for user m9@null.com',114,29,'2016-12-26','11:03:03','2017-01-10 01:03:03','2017-01-10 01:03:03'),(436,'Meal 0 for user a9@null.com',100,30,'2017-01-09','01:03:03','2017-01-10 01:03:03','2017-01-10 01:03:03'),(437,'Meal 1 for user a9@null.com',101,30,'2017-01-08','00:03:03','2017-01-10 01:03:03','2017-01-10 01:03:03'),(438,'Meal 2 for user a9@null.com',102,30,'2017-01-07','23:03:03','2017-01-10 01:03:03','2017-01-10 01:03:03'),(439,'Meal 3 for user a9@null.com',103,30,'2017-01-06','22:03:03','2017-01-10 01:03:03','2017-01-10 01:03:03'),(440,'Meal 4 for user a9@null.com',104,30,'2017-01-05','21:03:03','2017-01-10 01:03:03','2017-01-10 01:03:03'),(441,'Meal 5 for user a9@null.com',105,30,'2017-01-04','20:03:03','2017-01-10 01:03:03','2017-01-10 01:03:03'),(442,'Meal 6 for user a9@null.com',106,30,'2017-01-03','19:03:03','2017-01-10 01:03:03','2017-01-10 01:03:03'),(443,'Meal 7 for user a9@null.com',107,30,'2017-01-02','18:03:03','2017-01-10 01:03:03','2017-01-10 01:03:03'),(444,'Meal 8 for user a9@null.com',108,30,'2017-01-01','17:03:03','2017-01-10 01:03:03','2017-01-10 01:03:03'),(445,'Meal 9 for user a9@null.com',109,30,'2016-12-31','16:03:03','2017-01-10 01:03:03','2017-01-10 01:03:03'),(446,'Meal 10 for user a9@null.com',110,30,'2016-12-30','15:03:03','2017-01-10 01:03:03','2017-01-10 01:03:03'),(447,'Meal 11 for user a9@null.com',111,30,'2016-12-29','14:03:03','2017-01-10 01:03:03','2017-01-10 01:03:03'),(448,'Meal 12 for user a9@null.com',112,30,'2016-12-28','13:03:03','2017-01-10 01:03:03','2017-01-10 01:03:03'),(449,'Meal 13 for user a9@null.com',113,30,'2016-12-27','12:03:03','2017-01-10 01:03:03','2017-01-10 01:03:03'),(450,'Meal 14 for user a9@null.com',114,30,'2016-12-26','11:03:03','2017-01-10 01:03:03','2017-01-10 01:03:03');
/*!40000 ALTER TABLE `meals` ENABLE KEYS */;
UNLOCK TABLES;

--
-- Table structure for table `schema_migrations`
--

DROP TABLE IF EXISTS `schema_migrations`;
/*!40101 SET @saved_cs_client     = @@character_set_client */;
/*!40101 SET character_set_client = utf8 */;
CREATE TABLE `schema_migrations` (
  `version` varchar(255) NOT NULL,
  PRIMARY KEY (`version`)
) ENGINE=InnoDB DEFAULT CHARSET=utf8;
/*!40101 SET character_set_client = @saved_cs_client */;

--
-- Dumping data for table `schema_migrations`
--

LOCK TABLES `schema_migrations` WRITE;
/*!40000 ALTER TABLE `schema_migrations` DISABLE KEYS */;
INSERT INTO `schema_migrations` VALUES ('20161229222659'),('20161229230810'),('20170107170445'),('20170107170702');
/*!40000 ALTER TABLE `schema_migrations` ENABLE KEYS */;
UNLOCK TABLES;

--
-- Table structure for table `users`
--

DROP TABLE IF EXISTS `users`;
/*!40101 SET @saved_cs_client     = @@character_set_client */;
/*!40101 SET character_set_client = utf8 */;
CREATE TABLE `users` (
  `id` int(11) NOT NULL AUTO_INCREMENT,
  `provider` varchar(255) NOT NULL DEFAULT 'email',
  `uid` varchar(255) NOT NULL DEFAULT '',
  `encrypted_password` varchar(255) NOT NULL DEFAULT '',
  `reset_password_token` varchar(255) DEFAULT NULL,
  `reset_password_sent_at` datetime DEFAULT NULL,
  `remember_created_at` datetime DEFAULT NULL,
  `sign_in_count` int(11) NOT NULL DEFAULT '0',
  `current_sign_in_at` datetime DEFAULT NULL,
  `last_sign_in_at` datetime DEFAULT NULL,
  `current_sign_in_ip` varchar(255) DEFAULT NULL,
  `last_sign_in_ip` varchar(255) DEFAULT NULL,
  `confirmation_token` varchar(255) DEFAULT NULL,
  `confirmed_at` datetime DEFAULT NULL,
  `confirmation_sent_at` datetime DEFAULT NULL,
  `unconfirmed_email` varchar(255) DEFAULT NULL,
  `name` varchar(255) DEFAULT NULL,
  `nickname` varchar(255) DEFAULT NULL,
  `image` varchar(255) DEFAULT NULL,
  `email` varchar(255) DEFAULT NULL,
  `tokens` text,
  `created_at` datetime NOT NULL,
  `updated_at` datetime NOT NULL,
  `first_name` varchar(255) DEFAULT NULL,
  `last_name` varchar(255) DEFAULT NULL,
  `role` int(11) DEFAULT '100',
  `expected_calories` int(11) DEFAULT NULL,
  PRIMARY KEY (`id`),
  UNIQUE KEY `index_users_on_uid_and_provider` (`uid`,`provider`),
  UNIQUE KEY `index_users_on_reset_password_token` (`reset_password_token`),
  KEY `index_users_on_email` (`email`)
) ENGINE=InnoDB AUTO_INCREMENT=31 DEFAULT CHARSET=utf8;
/*!40101 SET character_set_client = @saved_cs_client */;

--
-- Dumping data for table `users`
--

LOCK TABLES `users` WRITE;
/*!40000 ALTER TABLE `users` DISABLE KEYS */;
INSERT INTO `users` VALUES (1,'email','r0@null.com','$2a$11$pldtVQ7NXxfgKk8DlcSJguSvuf9SL.G29eUPis8kpK6L10ePpb9i6',NULL,NULL,NULL,0,NULL,NULL,NULL,NULL,NULL,NULL,NULL,NULL,NULL,NULL,NULL,'r0@null.com','{}','2017-01-10 01:02:56','2017-01-10 01:02:56','rf0','rl0',100,2500),(2,'email','m0@null.com','$2a$11$ARlywksgBg8aJBCDL9RwR.gi.S57V7COvccSg9V2LS7WU8591sCrG',NULL,NULL,NULL,0,NULL,NULL,NULL,NULL,NULL,NULL,NULL,NULL,NULL,NULL,NULL,'m0@null.com','{}','2017-01-10 01:02:57','2017-01-10 01:02:57','mf0','ml0',200,2500),(3,'email','a0@null.com','$2a$11$a4PIu4RbTvb3vNiv28lKGeUQkEeze0FFwU.DpVZkUL3B3mUxhVYUq',NULL,NULL,NULL,0,NULL,NULL,NULL,NULL,NULL,NULL,NULL,NULL,NULL,NULL,NULL,'a0@null.com','{}','2017-01-10 01:02:57','2017-01-10 01:02:57','af0','al0',1000,2500),(4,'email','r1@null.com','$2a$11$hCHIepvNObpNmzo9r5cM4O5hlb4hSPga3WZhqZFlzLRYEhsoDlGaq',NULL,NULL,NULL,0,NULL,NULL,NULL,NULL,NULL,NULL,NULL,NULL,NULL,NULL,NULL,'r1@null.com','{}','2017-01-10 01:02:57','2017-01-10 01:02:57','rf1','rl1',100,2501),(5,'email','m1@null.com','$2a$11$396J9dzxi9st.uhY5DycWulhc3cnghCdfLv.40lqvxY58GuvuOlVe',NULL,NULL,NULL,0,NULL,NULL,NULL,NULL,NULL,NULL,NULL,NULL,NULL,NULL,NULL,'m1@null.com','{}','2017-01-10 01:02:57','2017-01-10 01:02:57','mf1','ml1',200,2501),(6,'email','a1@null.com','$2a$11$Qxr1bX7D1BXDowsB0AJv3O.3fiBncAZL4/waE/qeLbpjEjwC4/uEy',NULL,NULL,NULL,0,NULL,NULL,NULL,NULL,NULL,NULL,NULL,NULL,NULL,NULL,NULL,'a1@null.com','{}','2017-01-10 01:02:57','2017-01-10 01:02:57','af1','al1',1000,2501),(7,'email','r2@null.com','$2a$11$DqV5oj8ZBPZ3rx8L6jAk8ubsnfcbRlCj5.PsER61UQIqO8mxLzzLK',NULL,NULL,NULL,0,NULL,NULL,NULL,NULL,NULL,NULL,NULL,NULL,NULL,NULL,NULL,'r2@null.com','{}','2017-01-10 01:02:57','2017-01-10 01:02:57','rf2','rl2',100,2502),(8,'email','m2@null.com','$2a$11$C1jEJFELjg/EWdXpPzqWlusW9Jjs9JfR9coo0OCdOlrX0UscY60iO',NULL,NULL,NULL,0,NULL,NULL,NULL,NULL,NULL,NULL,NULL,NULL,NULL,NULL,NULL,'m2@null.com','{}','2017-01-10 01:02:58','2017-01-10 01:02:58','mf2','ml2',200,2502),(9,'email','a2@null.com','$2a$11$4LIsV0.vQAS4Pjac9Z6QV.NkKf5eipkOjnCq5/0N1EIwEkje8dH62',NULL,NULL,NULL,0,NULL,NULL,NULL,NULL,NULL,NULL,NULL,NULL,NULL,NULL,NULL,'a2@null.com','{}','2017-01-10 01:02:58','2017-01-10 01:02:58','af2','al2',1000,2502),(10,'email','r3@null.com','$2a$11$WEEVWUAtHdvTuDFSHrsh0ORGen0volvBsEBwq5Wq/SZqwC45iMa1S',NULL,NULL,NULL,0,NULL,NULL,NULL,NULL,NULL,NULL,NULL,NULL,NULL,NULL,NULL,'r3@null.com','{}','2017-01-10 01:02:58','2017-01-10 01:02:58','rf3','rl3',100,2503),(11,'email','m3@null.com','$2a$11$KWpbbPzUM7AAyt5cTEWE2eYzSYL5oS.XZyj77yyX7FhU5.bcYRqL.',NULL,NULL,NULL,0,NULL,NULL,NULL,NULL,NULL,NULL,NULL,NULL,NULL,NULL,NULL,'m3@null.com','{}','2017-01-10 01:02:58','2017-01-10 01:02:58','mf3','ml3',200,2503),(12,'email','a3@null.com','$2a$11$.0J/0APQ1YmR.LjOK22usutfIpVtuaac9FfWFyIKX9IF5TbCuoy/6',NULL,NULL,NULL,0,NULL,NULL,NULL,NULL,NULL,NULL,NULL,NULL,NULL,NULL,NULL,'a3@null.com','{}','2017-01-10 01:02:58','2017-01-10 01:02:58','af3','al3',1000,2503),(13,'email','r4@null.com','$2a$11$k48nkjcjh/IPKWSsBJ8o4OKdvzAKAXrirC53kf19ePoPpah0L9.Ri',NULL,NULL,NULL,0,NULL,NULL,NULL,NULL,NULL,NULL,NULL,NULL,NULL,NULL,NULL,'r4@null.com','{}','2017-01-10 01:02:58','2017-01-10 01:02:58','rf4','rl4',100,2504),(14,'email','m4@null.com','$2a$11$.eTKNz42z5vy4YI8a7tP9Oh1xVCodrSD575Fvf.OzkRelVG15b5wK',NULL,NULL,NULL,0,NULL,NULL,NULL,NULL,NULL,NULL,NULL,NULL,NULL,NULL,NULL,'m4@null.com','{}','2017-01-10 01:02:59','2017-01-10 01:02:59','mf4','ml4',200,2504),(15,'email','a4@null.com','$2a$11$yJ2T5uHEZISUaF3qqRBV5u1YuyxTEON6H51tdX/gLTxpDhMz8f7MS',NULL,NULL,NULL,0,NULL,NULL,NULL,NULL,NULL,NULL,NULL,NULL,NULL,NULL,NULL,'a4@null.com','{}','2017-01-10 01:02:59','2017-01-10 01:02:59','af4','al4',1000,2504),(16,'email','r5@null.com','$2a$11$1UJuKYm1n6Z18wvKvydaSuyF7vD08hij9WZu8HYcYgJEa54zGqy5e',NULL,NULL,NULL,0,NULL,NULL,NULL,NULL,NULL,NULL,NULL,NULL,NULL,NULL,NULL,'r5@null.com','{}','2017-01-10 01:02:59','2017-01-10 01:02:59','rf5','rl5',100,2505),(17,'email','m5@null.com','$2a$11$SxEUTTWtQyh/RFs6/TOeFufLHthZoy9Lmvz/Z1zekq6Sn2pLDPdWi',NULL,NULL,NULL,0,NULL,NULL,NULL,NULL,NULL,NULL,NULL,NULL,NULL,NULL,NULL,'m5@null.com','{}','2017-01-10 01:02:59','2017-01-10 01:02:59','mf5','ml5',200,2505),(18,'email','a5@null.com','$2a$11$IvduqG.rQv3vGXzGTUrSfOhD/QgDWWumDxQJU451LksI9RZ7AxrvS',NULL,NULL,NULL,0,NULL,NULL,NULL,NULL,NULL,NULL,NULL,NULL,NULL,NULL,NULL,'a5@null.com','{}','2017-01-10 01:02:59','2017-01-10 01:02:59','af5','al5',1000,2505),(19,'email','r6@null.com','$2a$11$fwZ.d0gr/jidFxIr9bcaG.gJ..NilvqJKbywZbzAJjBfzBEde7w4m',NULL,NULL,NULL,0,NULL,NULL,NULL,NULL,NULL,NULL,NULL,NULL,NULL,NULL,NULL,'r6@null.com','{}','2017-01-10 01:02:59','2017-01-10 01:02:59','rf6','rl6',100,2506),(20,'email','m6@null.com','$2a$11$t42YEZTDCBu6eY536XwrDuRkPIYogthEmNc4rtL03kHF7P.DwxvXi',NULL,NULL,NULL,0,NULL,NULL,NULL,NULL,NULL,NULL,NULL,NULL,NULL,NULL,NULL,'m6@null.com','{}','2017-01-10 01:03:00','2017-01-10 01:03:00','mf6','ml6',200,2506),(21,'email','a6@null.com','$2a$11$LSOhf7OfFaWZJ92cMoC67.AaIQBaO1QQUIWT.kwbWlqZAe4eYNfEm',NULL,NULL,NULL,0,NULL,NULL,NULL,NULL,NULL,NULL,NULL,NULL,NULL,NULL,NULL,'a6@null.com','{}','2017-01-10 01:03:00','2017-01-10 01:03:00','af6','al6',1000,2506),(22,'email','r7@null.com','$2a$11$zGbBlnUIEf5CyihO9jnq1O.JZNlbp3JlYPim4XqTmSfM7Ap0oqKfi',NULL,NULL,NULL,0,NULL,NULL,NULL,NULL,NULL,NULL,NULL,NULL,NULL,NULL,NULL,'r7@null.com','{}','2017-01-10 01:03:00','2017-01-10 01:03:00','rf7','rl7',100,2507),(23,'email','m7@null.com','$2a$11$sxf6I9nvjVvxq1BGsrSw2OV0HapTtg.b7EU75QHYNINXjN2nAfqRC',NULL,NULL,NULL,0,NULL,NULL,NULL,NULL,NULL,NULL,NULL,NULL,NULL,NULL,NULL,'m7@null.com','{}','2017-01-10 01:03:00','2017-01-10 01:03:00','mf7','ml7',200,2507),(24,'email','a7@null.com','$2a$11$u55XVpJFrAd4ASGValIsyOmTs4zUPw.M.GojJ9v6DHJgOsUnKc3U6',NULL,NULL,NULL,0,NULL,NULL,NULL,NULL,NULL,NULL,NULL,NULL,NULL,NULL,NULL,'a7@null.com','{}','2017-01-10 01:03:00','2017-01-10 01:03:00','af7','al7',1000,2507),(25,'email','r8@null.com','$2a$11$JDHfM86HMHKZSzqLe9SiE.O8uLJHHKDLam1UfH.AqXBHxQtk6HvDy',NULL,NULL,NULL,0,NULL,NULL,NULL,NULL,NULL,NULL,NULL,NULL,NULL,NULL,NULL,'r8@null.com','{}','2017-01-10 01:03:00','2017-01-10 01:03:00','rf8','rl8',100,2508),(26,'email','m8@null.com','$2a$11$xT6GrEhNhA8pkt/SLhcsnu4gZgcTfXaRAqqHtNYskiL2aIew8jRjW',NULL,NULL,NULL,0,NULL,NULL,NULL,NULL,NULL,NULL,NULL,NULL,NULL,NULL,NULL,'m8@null.com','{}','2017-01-10 01:03:00','2017-01-10 01:03:00','mf8','ml8',200,2508),(27,'email','a8@null.com','$2a$11$cTA6PuMheydz6Ux.sW1dluhsn.30FHUnK7haJfECSM6P8Cs78uuR.',NULL,NULL,NULL,0,NULL,NULL,NULL,NULL,NULL,NULL,NULL,NULL,NULL,NULL,NULL,'a8@null.com','{}','2017-01-10 01:03:01','2017-01-10 01:03:01','af8','al8',1000,2508),(28,'email','r9@null.com','$2a$11$N7u8tJ.q5WvZDeUeMf/maOfXvQt2tmQATlUCyxMicFSKcECd9.AAm',NULL,NULL,NULL,0,NULL,NULL,NULL,NULL,NULL,NULL,NULL,NULL,NULL,NULL,NULL,'r9@null.com','{}','2017-01-10 01:03:01','2017-01-10 01:03:01','rf9','rl9',100,2509),(29,'email','m9@null.com','$2a$11$k11FTGh8ZCmfnyR4WTcnyOyAg1ylZXpF5ycNHVD/OQieG.1b6xIIy',NULL,NULL,NULL,0,NULL,NULL,NULL,NULL,NULL,NULL,NULL,NULL,NULL,NULL,NULL,'m9@null.com','{}','2017-01-10 01:03:01','2017-01-10 01:03:01','mf9','ml9',200,2509),(30,'email','a9@null.com','$2a$11$.4EUJCmYdTYwFRYa7TnJkeTxlK2/GbnW.odCKuxYYRmAAmGFy5nNq',NULL,NULL,NULL,0,NULL,NULL,NULL,NULL,NULL,NULL,NULL,NULL,NULL,NULL,NULL,'a9@null.com','{}','2017-01-10 01:03:01','2017-01-10 01:03:01','af9','al9',1000,2509);
/*!40000 ALTER TABLE `users` ENABLE KEYS */;
UNLOCK TABLES;
/*!40103 SET TIME_ZONE=@OLD_TIME_ZONE */;

/*!40101 SET SQL_MODE=@OLD_SQL_MODE */;
/*!40014 SET FOREIGN_KEY_CHECKS=@OLD_FOREIGN_KEY_CHECKS */;
/*!40014 SET UNIQUE_CHECKS=@OLD_UNIQUE_CHECKS */;
/*!40101 SET CHARACTER_SET_CLIENT=@OLD_CHARACTER_SET_CLIENT */;
/*!40101 SET CHARACTER_SET_RESULTS=@OLD_CHARACTER_SET_RESULTS */;
/*!40101 SET COLLATION_CONNECTION=@OLD_COLLATION_CONNECTION */;
/*!40111 SET SQL_NOTES=@OLD_SQL_NOTES */;

-- Dump completed on 2017-01-09 18:03:03
