-- MySQL dump 10.13  Distrib 5.7.15, for Linux (x86_64)
--
-- Host: localhost    Database: webapp_develop
-- ------------------------------------------------------
-- Server version	5.7.15-0ubuntu2

/*!40101 SET @OLD_CHARACTER_SET_CLIENT=@@CHARACTER_SET_CLIENT */;
/*!40101 SET @OLD_CHARACTER_SET_RESULTS=@@CHARACTER_SET_RESULTS */;
/*!40101 SET @OLD_COLLATION_CONNECTION=@@COLLATION_CONNECTION */;
/*!40101 SET NAMES utf8 */;
/*!40103 SET @OLD_TIME_ZONE=@@TIME_ZONE */;
/*!40103 SET TIME_ZONE='+00:00' */;
/*!40014 SET @OLD_UNIQUE_CHECKS=@@UNIQUE_CHECKS, UNIQUE_CHECKS=0 */;
/*!40014 SET @OLD_FOREIGN_KEY_CHECKS=@@FOREIGN_KEY_CHECKS, FOREIGN_KEY_CHECKS=0 */;
/*!40101 SET @OLD_SQL_MODE=@@SQL_MODE, SQL_MODE='NO_AUTO_VALUE_ON_ZERO' */;
/*!40111 SET @OLD_SQL_NOTES=@@SQL_NOTES, SQL_NOTES=0 */;

--
-- Table structure for table `ar_internal_metadata`
--

DROP TABLE IF EXISTS `ar_internal_metadata`;
/*!40101 SET @saved_cs_client     = @@character_set_client */;
/*!40101 SET character_set_client = utf8 */;
CREATE TABLE `ar_internal_metadata` (
  `key` varchar(255) NOT NULL,
  `value` varchar(255) DEFAULT NULL,
  `created_at` datetime NOT NULL,
  `updated_at` datetime NOT NULL,
  PRIMARY KEY (`key`)
) ENGINE=InnoDB DEFAULT CHARSET=utf8;
/*!40101 SET character_set_client = @saved_cs_client */;

--
-- Dumping data for table `ar_internal_metadata`
--

LOCK TABLES `ar_internal_metadata` WRITE;
/*!40000 ALTER TABLE `ar_internal_metadata` DISABLE KEYS */;
INSERT INTO `ar_internal_metadata` VALUES ('environment','development','2017-01-08 00:28:40','2017-01-08 00:28:40');
/*!40000 ALTER TABLE `ar_internal_metadata` ENABLE KEYS */;
UNLOCK TABLES;

--
-- Table structure for table `meals`
--

DROP TABLE IF EXISTS `meals`;
/*!40101 SET @saved_cs_client     = @@character_set_client */;
/*!40101 SET character_set_client = utf8 */;
CREATE TABLE `meals` (
  `id` int(11) NOT NULL AUTO_INCREMENT,
  `description` varchar(255) DEFAULT NULL,
  `calories` int(11) DEFAULT NULL,
  `user_id` int(11) DEFAULT NULL,
  `dt` datetime DEFAULT NULL,
  `created_at` datetime NOT NULL,
  `updated_at` datetime NOT NULL,
  PRIMARY KEY (`id`),
  KEY `index_meals_on_user_id` (`user_id`)
) ENGINE=InnoDB AUTO_INCREMENT=451 DEFAULT CHARSET=utf8;
/*!40101 SET character_set_client = @saved_cs_client */;

--
-- Dumping data for table `meals`
--

LOCK TABLES `meals` WRITE;
/*!40000 ALTER TABLE `meals` DISABLE KEYS */;
INSERT INTO `meals` VALUES (1,'Meal 0 for user r0@null.com',100,1,'2017-01-08 00:28:48','2017-01-08 00:28:48','2017-01-08 00:28:48'),(2,'Meal 1 for user r0@null.com',101,1,'2017-01-08 00:28:48','2017-01-08 00:28:48','2017-01-08 00:28:48'),(3,'Meal 2 for user r0@null.com',102,1,'2017-01-08 00:28:48','2017-01-08 00:28:48','2017-01-08 00:28:48'),(4,'Meal 3 for user r0@null.com',103,1,'2017-01-08 00:28:48','2017-01-08 00:28:48','2017-01-08 00:28:48'),(5,'Meal 4 for user r0@null.com',104,1,'2017-01-08 00:28:48','2017-01-08 00:28:48','2017-01-08 00:28:48'),(6,'Meal 5 for user r0@null.com',105,1,'2017-01-08 00:28:48','2017-01-08 00:28:48','2017-01-08 00:28:48'),(7,'Meal 6 for user r0@null.com',106,1,'2017-01-08 00:28:48','2017-01-08 00:28:48','2017-01-08 00:28:48'),(8,'Meal 7 for user r0@null.com',107,1,'2017-01-08 00:28:48','2017-01-08 00:28:48','2017-01-08 00:28:48'),(9,'Meal 8 for user r0@null.com',108,1,'2017-01-08 00:28:48','2017-01-08 00:28:48','2017-01-08 00:28:48'),(10,'Meal 9 for user r0@null.com',109,1,'2017-01-08 00:28:48','2017-01-08 00:28:48','2017-01-08 00:28:48'),(11,'Meal 10 for user r0@null.com',110,1,'2017-01-08 00:28:48','2017-01-08 00:28:48','2017-01-08 00:28:48'),(12,'Meal 11 for user r0@null.com',111,1,'2017-01-08 00:28:48','2017-01-08 00:28:48','2017-01-08 00:28:48'),(13,'Meal 12 for user r0@null.com',112,1,'2017-01-08 00:28:48','2017-01-08 00:28:48','2017-01-08 00:28:48'),(14,'Meal 13 for user r0@null.com',113,1,'2017-01-08 00:28:48','2017-01-08 00:28:48','2017-01-08 00:28:48'),(15,'Meal 14 for user r0@null.com',114,1,'2017-01-08 00:28:48','2017-01-08 00:28:48','2017-01-08 00:28:48'),(16,'Meal 0 for user m0@null.com',100,2,'2017-01-08 00:28:48','2017-01-08 00:28:48','2017-01-08 00:28:48'),(17,'Meal 1 for user m0@null.com',101,2,'2017-01-08 00:28:48','2017-01-08 00:28:48','2017-01-08 00:28:48'),(18,'Meal 2 for user m0@null.com',102,2,'2017-01-08 00:28:48','2017-01-08 00:28:48','2017-01-08 00:28:48'),(19,'Meal 3 for user m0@null.com',103,2,'2017-01-08 00:28:48','2017-01-08 00:28:48','2017-01-08 00:28:48'),(20,'Meal 4 for user m0@null.com',104,2,'2017-01-08 00:28:48','2017-01-08 00:28:48','2017-01-08 00:28:48'),(21,'Meal 5 for user m0@null.com',105,2,'2017-01-08 00:28:48','2017-01-08 00:28:48','2017-01-08 00:28:48'),(22,'Meal 6 for user m0@null.com',106,2,'2017-01-08 00:28:48','2017-01-08 00:28:48','2017-01-08 00:28:48'),(23,'Meal 7 for user m0@null.com',107,2,'2017-01-08 00:28:48','2017-01-08 00:28:48','2017-01-08 00:28:48'),(24,'Meal 8 for user m0@null.com',108,2,'2017-01-08 00:28:48','2017-01-08 00:28:48','2017-01-08 00:28:48'),(25,'Meal 9 for user m0@null.com',109,2,'2017-01-08 00:28:48','2017-01-08 00:28:48','2017-01-08 00:28:48'),(26,'Meal 10 for user m0@null.com',110,2,'2017-01-08 00:28:48','2017-01-08 00:28:48','2017-01-08 00:28:48'),(27,'Meal 11 for user m0@null.com',111,2,'2017-01-08 00:28:48','2017-01-08 00:28:48','2017-01-08 00:28:48'),(28,'Meal 12 for user m0@null.com',112,2,'2017-01-08 00:28:48','2017-01-08 00:28:48','2017-01-08 00:28:48'),(29,'Meal 13 for user m0@null.com',113,2,'2017-01-08 00:28:48','2017-01-08 00:28:48','2017-01-08 00:28:48'),(30,'Meal 14 for user m0@null.com',114,2,'2017-01-08 00:28:48','2017-01-08 00:28:48','2017-01-08 00:28:48'),(31,'Meal 0 for user a0@null.com',100,3,'2017-01-08 00:28:48','2017-01-08 00:28:48','2017-01-08 00:28:48'),(32,'Meal 1 for user a0@null.com',101,3,'2017-01-08 00:28:48','2017-01-08 00:28:48','2017-01-08 00:28:48'),(33,'Meal 2 for user a0@null.com',102,3,'2017-01-08 00:28:48','2017-01-08 00:28:48','2017-01-08 00:28:48'),(34,'Meal 3 for user a0@null.com',103,3,'2017-01-08 00:28:48','2017-01-08 00:28:48','2017-01-08 00:28:48'),(35,'Meal 4 for user a0@null.com',104,3,'2017-01-08 00:28:48','2017-01-08 00:28:48','2017-01-08 00:28:48'),(36,'Meal 5 for user a0@null.com',105,3,'2017-01-08 00:28:48','2017-01-08 00:28:48','2017-01-08 00:28:48'),(37,'Meal 6 for user a0@null.com',106,3,'2017-01-08 00:28:49','2017-01-08 00:28:49','2017-01-08 00:28:49'),(38,'Meal 7 for user a0@null.com',107,3,'2017-01-08 00:28:49','2017-01-08 00:28:49','2017-01-08 00:28:49'),(39,'Meal 8 for user a0@null.com',108,3,'2017-01-08 00:28:49','2017-01-08 00:28:49','2017-01-08 00:28:49'),(40,'Meal 9 for user a0@null.com',109,3,'2017-01-08 00:28:49','2017-01-08 00:28:49','2017-01-08 00:28:49'),(41,'Meal 10 for user a0@null.com',110,3,'2017-01-08 00:28:49','2017-01-08 00:28:49','2017-01-08 00:28:49'),(42,'Meal 11 for user a0@null.com',111,3,'2017-01-08 00:28:49','2017-01-08 00:28:49','2017-01-08 00:28:49'),(43,'Meal 12 for user a0@null.com',112,3,'2017-01-08 00:28:49','2017-01-08 00:28:49','2017-01-08 00:28:49'),(44,'Meal 13 for user a0@null.com',113,3,'2017-01-08 00:28:49','2017-01-08 00:28:49','2017-01-08 00:28:49'),(45,'Meal 14 for user a0@null.com',114,3,'2017-01-08 00:28:49','2017-01-08 00:28:49','2017-01-08 00:28:49'),(46,'Meal 0 for user r1@null.com',100,4,'2017-01-08 00:28:49','2017-01-08 00:28:49','2017-01-08 00:28:49'),(47,'Meal 1 for user r1@null.com',101,4,'2017-01-08 00:28:49','2017-01-08 00:28:49','2017-01-08 00:28:49'),(48,'Meal 2 for user r1@null.com',102,4,'2017-01-08 00:28:49','2017-01-08 00:28:49','2017-01-08 00:28:49'),(49,'Meal 3 for user r1@null.com',103,4,'2017-01-08 00:28:49','2017-01-08 00:28:49','2017-01-08 00:28:49'),(50,'Meal 4 for user r1@null.com',104,4,'2017-01-08 00:28:49','2017-01-08 00:28:49','2017-01-08 00:28:49'),(51,'Meal 5 for user r1@null.com',105,4,'2017-01-08 00:28:49','2017-01-08 00:28:49','2017-01-08 00:28:49'),(52,'Meal 6 for user r1@null.com',106,4,'2017-01-08 00:28:49','2017-01-08 00:28:49','2017-01-08 00:28:49'),(53,'Meal 7 for user r1@null.com',107,4,'2017-01-08 00:28:49','2017-01-08 00:28:49','2017-01-08 00:28:49'),(54,'Meal 8 for user r1@null.com',108,4,'2017-01-08 00:28:49','2017-01-08 00:28:49','2017-01-08 00:28:49'),(55,'Meal 9 for user r1@null.com',109,4,'2017-01-08 00:28:49','2017-01-08 00:28:49','2017-01-08 00:28:49'),(56,'Meal 10 for user r1@null.com',110,4,'2017-01-08 00:28:49','2017-01-08 00:28:49','2017-01-08 00:28:49'),(57,'Meal 11 for user r1@null.com',111,4,'2017-01-08 00:28:49','2017-01-08 00:28:49','2017-01-08 00:28:49'),(58,'Meal 12 for user r1@null.com',112,4,'2017-01-08 00:28:49','2017-01-08 00:28:49','2017-01-08 00:28:49'),(59,'Meal 13 for user r1@null.com',113,4,'2017-01-08 00:28:49','2017-01-08 00:28:49','2017-01-08 00:28:49'),(60,'Meal 14 for user r1@null.com',114,4,'2017-01-08 00:28:49','2017-01-08 00:28:49','2017-01-08 00:28:49'),(61,'Meal 0 for user m1@null.com',100,5,'2017-01-08 00:28:49','2017-01-08 00:28:49','2017-01-08 00:28:49'),(62,'Meal 1 for user m1@null.com',101,5,'2017-01-08 00:28:49','2017-01-08 00:28:49','2017-01-08 00:28:49'),(63,'Meal 2 for user m1@null.com',102,5,'2017-01-08 00:28:49','2017-01-08 00:28:49','2017-01-08 00:28:49'),(64,'Meal 3 for user m1@null.com',103,5,'2017-01-08 00:28:49','2017-01-08 00:28:49','2017-01-08 00:28:49'),(65,'Meal 4 for user m1@null.com',104,5,'2017-01-08 00:28:49','2017-01-08 00:28:49','2017-01-08 00:28:49'),(66,'Meal 5 for user m1@null.com',105,5,'2017-01-08 00:28:49','2017-01-08 00:28:49','2017-01-08 00:28:49'),(67,'Meal 6 for user m1@null.com',106,5,'2017-01-08 00:28:49','2017-01-08 00:28:49','2017-01-08 00:28:49'),(68,'Meal 7 for user m1@null.com',107,5,'2017-01-08 00:28:49','2017-01-08 00:28:49','2017-01-08 00:28:49'),(69,'Meal 8 for user m1@null.com',108,5,'2017-01-08 00:28:49','2017-01-08 00:28:49','2017-01-08 00:28:49'),(70,'Meal 9 for user m1@null.com',109,5,'2017-01-08 00:28:49','2017-01-08 00:28:49','2017-01-08 00:28:49'),(71,'Meal 10 for user m1@null.com',110,5,'2017-01-08 00:28:49','2017-01-08 00:28:49','2017-01-08 00:28:49'),(72,'Meal 11 for user m1@null.com',111,5,'2017-01-08 00:28:49','2017-01-08 00:28:49','2017-01-08 00:28:49'),(73,'Meal 12 for user m1@null.com',112,5,'2017-01-08 00:28:49','2017-01-08 00:28:49','2017-01-08 00:28:49'),(74,'Meal 13 for user m1@null.com',113,5,'2017-01-08 00:28:49','2017-01-08 00:28:49','2017-01-08 00:28:49'),(75,'Meal 14 for user m1@null.com',114,5,'2017-01-08 00:28:49','2017-01-08 00:28:49','2017-01-08 00:28:49'),(76,'Meal 0 for user a1@null.com',100,6,'2017-01-08 00:28:49','2017-01-08 00:28:49','2017-01-08 00:28:49'),(77,'Meal 1 for user a1@null.com',101,6,'2017-01-08 00:28:49','2017-01-08 00:28:49','2017-01-08 00:28:49'),(78,'Meal 2 for user a1@null.com',102,6,'2017-01-08 00:28:49','2017-01-08 00:28:49','2017-01-08 00:28:49'),(79,'Meal 3 for user a1@null.com',103,6,'2017-01-08 00:28:49','2017-01-08 00:28:49','2017-01-08 00:28:49'),(80,'Meal 4 for user a1@null.com',104,6,'2017-01-08 00:28:49','2017-01-08 00:28:49','2017-01-08 00:28:49'),(81,'Meal 5 for user a1@null.com',105,6,'2017-01-08 00:28:49','2017-01-08 00:28:49','2017-01-08 00:28:49'),(82,'Meal 6 for user a1@null.com',106,6,'2017-01-08 00:28:49','2017-01-08 00:28:49','2017-01-08 00:28:49'),(83,'Meal 7 for user a1@null.com',107,6,'2017-01-08 00:28:49','2017-01-08 00:28:49','2017-01-08 00:28:49'),(84,'Meal 8 for user a1@null.com',108,6,'2017-01-08 00:28:49','2017-01-08 00:28:49','2017-01-08 00:28:49'),(85,'Meal 9 for user a1@null.com',109,6,'2017-01-08 00:28:49','2017-01-08 00:28:49','2017-01-08 00:28:49'),(86,'Meal 10 for user a1@null.com',110,6,'2017-01-08 00:28:49','2017-01-08 00:28:49','2017-01-08 00:28:49'),(87,'Meal 11 for user a1@null.com',111,6,'2017-01-08 00:28:49','2017-01-08 00:28:49','2017-01-08 00:28:49'),(88,'Meal 12 for user a1@null.com',112,6,'2017-01-08 00:28:49','2017-01-08 00:28:49','2017-01-08 00:28:49'),(89,'Meal 13 for user a1@null.com',113,6,'2017-01-08 00:28:49','2017-01-08 00:28:49','2017-01-08 00:28:49'),(90,'Meal 14 for user a1@null.com',114,6,'2017-01-08 00:28:49','2017-01-08 00:28:49','2017-01-08 00:28:49'),(91,'Meal 0 for user r2@null.com',100,7,'2017-01-08 00:28:49','2017-01-08 00:28:49','2017-01-08 00:28:49'),(92,'Meal 1 for user r2@null.com',101,7,'2017-01-08 00:28:49','2017-01-08 00:28:49','2017-01-08 00:28:49'),(93,'Meal 2 for user r2@null.com',102,7,'2017-01-08 00:28:49','2017-01-08 00:28:49','2017-01-08 00:28:49'),(94,'Meal 3 for user r2@null.com',103,7,'2017-01-08 00:28:49','2017-01-08 00:28:49','2017-01-08 00:28:49'),(95,'Meal 4 for user r2@null.com',104,7,'2017-01-08 00:28:49','2017-01-08 00:28:49','2017-01-08 00:28:49'),(96,'Meal 5 for user r2@null.com',105,7,'2017-01-08 00:28:49','2017-01-08 00:28:49','2017-01-08 00:28:49'),(97,'Meal 6 for user r2@null.com',106,7,'2017-01-08 00:28:49','2017-01-08 00:28:49','2017-01-08 00:28:49'),(98,'Meal 7 for user r2@null.com',107,7,'2017-01-08 00:28:49','2017-01-08 00:28:49','2017-01-08 00:28:49'),(99,'Meal 8 for user r2@null.com',108,7,'2017-01-08 00:28:49','2017-01-08 00:28:49','2017-01-08 00:28:49'),(100,'Meal 9 for user r2@null.com',109,7,'2017-01-08 00:28:49','2017-01-08 00:28:49','2017-01-08 00:28:49'),(101,'Meal 10 for user r2@null.com',110,7,'2017-01-08 00:28:49','2017-01-08 00:28:49','2017-01-08 00:28:49'),(102,'Meal 11 for user r2@null.com',111,7,'2017-01-08 00:28:49','2017-01-08 00:28:49','2017-01-08 00:28:49'),(103,'Meal 12 for user r2@null.com',112,7,'2017-01-08 00:28:49','2017-01-08 00:28:49','2017-01-08 00:28:49'),(104,'Meal 13 for user r2@null.com',113,7,'2017-01-08 00:28:49','2017-01-08 00:28:49','2017-01-08 00:28:49'),(105,'Meal 14 for user r2@null.com',114,7,'2017-01-08 00:28:49','2017-01-08 00:28:49','2017-01-08 00:28:49'),(106,'Meal 0 for user m2@null.com',100,8,'2017-01-08 00:28:49','2017-01-08 00:28:49','2017-01-08 00:28:49'),(107,'Meal 1 for user m2@null.com',101,8,'2017-01-08 00:28:49','2017-01-08 00:28:49','2017-01-08 00:28:49'),(108,'Meal 2 for user m2@null.com',102,8,'2017-01-08 00:28:49','2017-01-08 00:28:49','2017-01-08 00:28:49'),(109,'Meal 3 for user m2@null.com',103,8,'2017-01-08 00:28:49','2017-01-08 00:28:49','2017-01-08 00:28:49'),(110,'Meal 4 for user m2@null.com',104,8,'2017-01-08 00:28:49','2017-01-08 00:28:49','2017-01-08 00:28:49'),(111,'Meal 5 for user m2@null.com',105,8,'2017-01-08 00:28:49','2017-01-08 00:28:49','2017-01-08 00:28:49'),(112,'Meal 6 for user m2@null.com',106,8,'2017-01-08 00:28:49','2017-01-08 00:28:49','2017-01-08 00:28:49'),(113,'Meal 7 for user m2@null.com',107,8,'2017-01-08 00:28:49','2017-01-08 00:28:49','2017-01-08 00:28:49'),(114,'Meal 8 for user m2@null.com',108,8,'2017-01-08 00:28:49','2017-01-08 00:28:49','2017-01-08 00:28:49'),(115,'Meal 9 for user m2@null.com',109,8,'2017-01-08 00:28:49','2017-01-08 00:28:49','2017-01-08 00:28:49'),(116,'Meal 10 for user m2@null.com',110,8,'2017-01-08 00:28:49','2017-01-08 00:28:49','2017-01-08 00:28:49'),(117,'Meal 11 for user m2@null.com',111,8,'2017-01-08 00:28:49','2017-01-08 00:28:49','2017-01-08 00:28:49'),(118,'Meal 12 for user m2@null.com',112,8,'2017-01-08 00:28:49','2017-01-08 00:28:49','2017-01-08 00:28:49'),(119,'Meal 13 for user m2@null.com',113,8,'2017-01-08 00:28:49','2017-01-08 00:28:49','2017-01-08 00:28:49'),(120,'Meal 14 for user m2@null.com',114,8,'2017-01-08 00:28:49','2017-01-08 00:28:49','2017-01-08 00:28:49'),(121,'Meal 0 for user a2@null.com',100,9,'2017-01-08 00:28:49','2017-01-08 00:28:49','2017-01-08 00:28:49'),(122,'Meal 1 for user a2@null.com',101,9,'2017-01-08 00:28:49','2017-01-08 00:28:49','2017-01-08 00:28:49'),(123,'Meal 2 for user a2@null.com',102,9,'2017-01-08 00:28:49','2017-01-08 00:28:49','2017-01-08 00:28:49'),(124,'Meal 3 for user a2@null.com',103,9,'2017-01-08 00:28:49','2017-01-08 00:28:49','2017-01-08 00:28:49'),(125,'Meal 4 for user a2@null.com',104,9,'2017-01-08 00:28:49','2017-01-08 00:28:49','2017-01-08 00:28:49'),(126,'Meal 5 for user a2@null.com',105,9,'2017-01-08 00:28:49','2017-01-08 00:28:49','2017-01-08 00:28:49'),(127,'Meal 6 for user a2@null.com',106,9,'2017-01-08 00:28:49','2017-01-08 00:28:49','2017-01-08 00:28:49'),(128,'Meal 7 for user a2@null.com',107,9,'2017-01-08 00:28:49','2017-01-08 00:28:49','2017-01-08 00:28:49'),(129,'Meal 8 for user a2@null.com',108,9,'2017-01-08 00:28:49','2017-01-08 00:28:49','2017-01-08 00:28:49'),(130,'Meal 9 for user a2@null.com',109,9,'2017-01-08 00:28:49','2017-01-08 00:28:49','2017-01-08 00:28:49'),(131,'Meal 10 for user a2@null.com',110,9,'2017-01-08 00:28:49','2017-01-08 00:28:49','2017-01-08 00:28:49'),(132,'Meal 11 for user a2@null.com',111,9,'2017-01-08 00:28:49','2017-01-08 00:28:49','2017-01-08 00:28:49'),(133,'Meal 12 for user a2@null.com',112,9,'2017-01-08 00:28:49','2017-01-08 00:28:49','2017-01-08 00:28:49'),(134,'Meal 13 for user a2@null.com',113,9,'2017-01-08 00:28:49','2017-01-08 00:28:49','2017-01-08 00:28:49'),(135,'Meal 14 for user a2@null.com',114,9,'2017-01-08 00:28:49','2017-01-08 00:28:49','2017-01-08 00:28:49'),(136,'Meal 0 for user r3@null.com',100,10,'2017-01-08 00:28:49','2017-01-08 00:28:49','2017-01-08 00:28:49'),(137,'Meal 1 for user r3@null.com',101,10,'2017-01-08 00:28:49','2017-01-08 00:28:49','2017-01-08 00:28:49'),(138,'Meal 2 for user r3@null.com',102,10,'2017-01-08 00:28:49','2017-01-08 00:28:49','2017-01-08 00:28:49'),(139,'Meal 3 for user r3@null.com',103,10,'2017-01-08 00:28:49','2017-01-08 00:28:49','2017-01-08 00:28:49'),(140,'Meal 4 for user r3@null.com',104,10,'2017-01-08 00:28:49','2017-01-08 00:28:49','2017-01-08 00:28:49'),(141,'Meal 5 for user r3@null.com',105,10,'2017-01-08 00:28:49','2017-01-08 00:28:49','2017-01-08 00:28:49'),(142,'Meal 6 for user r3@null.com',106,10,'2017-01-08 00:28:49','2017-01-08 00:28:49','2017-01-08 00:28:49'),(143,'Meal 7 for user r3@null.com',107,10,'2017-01-08 00:28:49','2017-01-08 00:28:49','2017-01-08 00:28:49'),(144,'Meal 8 for user r3@null.com',108,10,'2017-01-08 00:28:49','2017-01-08 00:28:49','2017-01-08 00:28:49'),(145,'Meal 9 for user r3@null.com',109,10,'2017-01-08 00:28:49','2017-01-08 00:28:49','2017-01-08 00:28:49'),(146,'Meal 10 for user r3@null.com',110,10,'2017-01-08 00:28:49','2017-01-08 00:28:49','2017-01-08 00:28:49'),(147,'Meal 11 for user r3@null.com',111,10,'2017-01-08 00:28:49','2017-01-08 00:28:49','2017-01-08 00:28:49'),(148,'Meal 12 for user r3@null.com',112,10,'2017-01-08 00:28:49','2017-01-08 00:28:49','2017-01-08 00:28:49'),(149,'Meal 13 for user r3@null.com',113,10,'2017-01-08 00:28:49','2017-01-08 00:28:49','2017-01-08 00:28:49'),(150,'Meal 14 for user r3@null.com',114,10,'2017-01-08 00:28:49','2017-01-08 00:28:49','2017-01-08 00:28:49'),(151,'Meal 0 for user m3@null.com',100,11,'2017-01-08 00:28:49','2017-01-08 00:28:49','2017-01-08 00:28:49'),(152,'Meal 1 for user m3@null.com',101,11,'2017-01-08 00:28:49','2017-01-08 00:28:49','2017-01-08 00:28:49'),(153,'Meal 2 for user m3@null.com',102,11,'2017-01-08 00:28:49','2017-01-08 00:28:49','2017-01-08 00:28:49'),(154,'Meal 3 for user m3@null.com',103,11,'2017-01-08 00:28:49','2017-01-08 00:28:49','2017-01-08 00:28:49'),(155,'Meal 4 for user m3@null.com',104,11,'2017-01-08 00:28:49','2017-01-08 00:28:49','2017-01-08 00:28:49'),(156,'Meal 5 for user m3@null.com',105,11,'2017-01-08 00:28:49','2017-01-08 00:28:49','2017-01-08 00:28:49'),(157,'Meal 6 for user m3@null.com',106,11,'2017-01-08 00:28:49','2017-01-08 00:28:49','2017-01-08 00:28:49'),(158,'Meal 7 for user m3@null.com',107,11,'2017-01-08 00:28:49','2017-01-08 00:28:49','2017-01-08 00:28:49'),(159,'Meal 8 for user m3@null.com',108,11,'2017-01-08 00:28:49','2017-01-08 00:28:49','2017-01-08 00:28:49'),(160,'Meal 9 for user m3@null.com',109,11,'2017-01-08 00:28:49','2017-01-08 00:28:49','2017-01-08 00:28:49'),(161,'Meal 10 for user m3@null.com',110,11,'2017-01-08 00:28:49','2017-01-08 00:28:49','2017-01-08 00:28:49'),(162,'Meal 11 for user m3@null.com',111,11,'2017-01-08 00:28:49','2017-01-08 00:28:49','2017-01-08 00:28:49'),(163,'Meal 12 for user m3@null.com',112,11,'2017-01-08 00:28:49','2017-01-08 00:28:49','2017-01-08 00:28:49'),(164,'Meal 13 for user m3@null.com',113,11,'2017-01-08 00:28:49','2017-01-08 00:28:49','2017-01-08 00:28:49'),(165,'Meal 14 for user m3@null.com',114,11,'2017-01-08 00:28:49','2017-01-08 00:28:49','2017-01-08 00:28:49'),(166,'Meal 0 for user a3@null.com',100,12,'2017-01-08 00:28:49','2017-01-08 00:28:49','2017-01-08 00:28:49'),(167,'Meal 1 for user a3@null.com',101,12,'2017-01-08 00:28:49','2017-01-08 00:28:49','2017-01-08 00:28:49'),(168,'Meal 2 for user a3@null.com',102,12,'2017-01-08 00:28:49','2017-01-08 00:28:49','2017-01-08 00:28:49'),(169,'Meal 3 for user a3@null.com',103,12,'2017-01-08 00:28:49','2017-01-08 00:28:49','2017-01-08 00:28:49'),(170,'Meal 4 for user a3@null.com',104,12,'2017-01-08 00:28:49','2017-01-08 00:28:49','2017-01-08 00:28:49'),(171,'Meal 5 for user a3@null.com',105,12,'2017-01-08 00:28:49','2017-01-08 00:28:49','2017-01-08 00:28:49'),(172,'Meal 6 for user a3@null.com',106,12,'2017-01-08 00:28:49','2017-01-08 00:28:49','2017-01-08 00:28:49'),(173,'Meal 7 for user a3@null.com',107,12,'2017-01-08 00:28:49','2017-01-08 00:28:49','2017-01-08 00:28:49'),(174,'Meal 8 for user a3@null.com',108,12,'2017-01-08 00:28:49','2017-01-08 00:28:49','2017-01-08 00:28:49'),(175,'Meal 9 for user a3@null.com',109,12,'2017-01-08 00:28:49','2017-01-08 00:28:49','2017-01-08 00:28:49'),(176,'Meal 10 for user a3@null.com',110,12,'2017-01-08 00:28:49','2017-01-08 00:28:49','2017-01-08 00:28:49'),(177,'Meal 11 for user a3@null.com',111,12,'2017-01-08 00:28:49','2017-01-08 00:28:49','2017-01-08 00:28:49'),(178,'Meal 12 for user a3@null.com',112,12,'2017-01-08 00:28:49','2017-01-08 00:28:49','2017-01-08 00:28:49'),(179,'Meal 13 for user a3@null.com',113,12,'2017-01-08 00:28:49','2017-01-08 00:28:49','2017-01-08 00:28:49'),(180,'Meal 14 for user a3@null.com',114,12,'2017-01-08 00:28:49','2017-01-08 00:28:49','2017-01-08 00:28:49'),(181,'Meal 0 for user r4@null.com',100,13,'2017-01-08 00:28:49','2017-01-08 00:28:49','2017-01-08 00:28:49'),(182,'Meal 1 for user r4@null.com',101,13,'2017-01-08 00:28:49','2017-01-08 00:28:49','2017-01-08 00:28:49'),(183,'Meal 2 for user r4@null.com',102,13,'2017-01-08 00:28:49','2017-01-08 00:28:49','2017-01-08 00:28:49'),(184,'Meal 3 for user r4@null.com',103,13,'2017-01-08 00:28:49','2017-01-08 00:28:49','2017-01-08 00:28:49'),(185,'Meal 4 for user r4@null.com',104,13,'2017-01-08 00:28:49','2017-01-08 00:28:49','2017-01-08 00:28:49'),(186,'Meal 5 for user r4@null.com',105,13,'2017-01-08 00:28:49','2017-01-08 00:28:49','2017-01-08 00:28:49'),(187,'Meal 6 for user r4@null.com',106,13,'2017-01-08 00:28:49','2017-01-08 00:28:49','2017-01-08 00:28:49'),(188,'Meal 7 for user r4@null.com',107,13,'2017-01-08 00:28:49','2017-01-08 00:28:49','2017-01-08 00:28:49'),(189,'Meal 8 for user r4@null.com',108,13,'2017-01-08 00:28:49','2017-01-08 00:28:49','2017-01-08 00:28:49'),(190,'Meal 9 for user r4@null.com',109,13,'2017-01-08 00:28:49','2017-01-08 00:28:49','2017-01-08 00:28:49'),(191,'Meal 10 for user r4@null.com',110,13,'2017-01-08 00:28:49','2017-01-08 00:28:49','2017-01-08 00:28:49'),(192,'Meal 11 for user r4@null.com',111,13,'2017-01-08 00:28:49','2017-01-08 00:28:49','2017-01-08 00:28:49'),(193,'Meal 12 for user r4@null.com',112,13,'2017-01-08 00:28:49','2017-01-08 00:28:49','2017-01-08 00:28:49'),(194,'Meal 13 for user r4@null.com',113,13,'2017-01-08 00:28:49','2017-01-08 00:28:49','2017-01-08 00:28:49'),(195,'Meal 14 for user r4@null.com',114,13,'2017-01-08 00:28:49','2017-01-08 00:28:49','2017-01-08 00:28:49'),(196,'Meal 0 for user m4@null.com',100,14,'2017-01-08 00:28:49','2017-01-08 00:28:49','2017-01-08 00:28:49'),(197,'Meal 1 for user m4@null.com',101,14,'2017-01-08 00:28:49','2017-01-08 00:28:49','2017-01-08 00:28:49'),(198,'Meal 2 for user m4@null.com',102,14,'2017-01-08 00:28:49','2017-01-08 00:28:49','2017-01-08 00:28:49'),(199,'Meal 3 for user m4@null.com',103,14,'2017-01-08 00:28:49','2017-01-08 00:28:49','2017-01-08 00:28:49'),(200,'Meal 4 for user m4@null.com',104,14,'2017-01-08 00:28:49','2017-01-08 00:28:49','2017-01-08 00:28:49'),(201,'Meal 5 for user m4@null.com',105,14,'2017-01-08 00:28:49','2017-01-08 00:28:49','2017-01-08 00:28:49'),(202,'Meal 6 for user m4@null.com',106,14,'2017-01-08 00:28:49','2017-01-08 00:28:49','2017-01-08 00:28:49'),(203,'Meal 7 for user m4@null.com',107,14,'2017-01-08 00:28:49','2017-01-08 00:28:49','2017-01-08 00:28:49'),(204,'Meal 8 for user m4@null.com',108,14,'2017-01-08 00:28:49','2017-01-08 00:28:49','2017-01-08 00:28:49'),(205,'Meal 9 for user m4@null.com',109,14,'2017-01-08 00:28:49','2017-01-08 00:28:49','2017-01-08 00:28:49'),(206,'Meal 10 for user m4@null.com',110,14,'2017-01-08 00:28:49','2017-01-08 00:28:49','2017-01-08 00:28:49'),(207,'Meal 11 for user m4@null.com',111,14,'2017-01-08 00:28:49','2017-01-08 00:28:49','2017-01-08 00:28:49'),(208,'Meal 12 for user m4@null.com',112,14,'2017-01-08 00:28:49','2017-01-08 00:28:49','2017-01-08 00:28:49'),(209,'Meal 13 for user m4@null.com',113,14,'2017-01-08 00:28:49','2017-01-08 00:28:49','2017-01-08 00:28:49'),(210,'Meal 14 for user m4@null.com',114,14,'2017-01-08 00:28:49','2017-01-08 00:28:49','2017-01-08 00:28:49'),(211,'Meal 0 for user a4@null.com',100,15,'2017-01-08 00:28:49','2017-01-08 00:28:49','2017-01-08 00:28:49'),(212,'Meal 1 for user a4@null.com',101,15,'2017-01-08 00:28:49','2017-01-08 00:28:49','2017-01-08 00:28:49'),(213,'Meal 2 for user a4@null.com',102,15,'2017-01-08 00:28:49','2017-01-08 00:28:49','2017-01-08 00:28:49'),(214,'Meal 3 for user a4@null.com',103,15,'2017-01-08 00:28:49','2017-01-08 00:28:49','2017-01-08 00:28:49'),(215,'Meal 4 for user a4@null.com',104,15,'2017-01-08 00:28:49','2017-01-08 00:28:49','2017-01-08 00:28:49'),(216,'Meal 5 for user a4@null.com',105,15,'2017-01-08 00:28:49','2017-01-08 00:28:49','2017-01-08 00:28:49'),(217,'Meal 6 for user a4@null.com',106,15,'2017-01-08 00:28:49','2017-01-08 00:28:49','2017-01-08 00:28:49'),(218,'Meal 7 for user a4@null.com',107,15,'2017-01-08 00:28:49','2017-01-08 00:28:49','2017-01-08 00:28:49'),(219,'Meal 8 for user a4@null.com',108,15,'2017-01-08 00:28:49','2017-01-08 00:28:49','2017-01-08 00:28:49'),(220,'Meal 9 for user a4@null.com',109,15,'2017-01-08 00:28:49','2017-01-08 00:28:49','2017-01-08 00:28:49'),(221,'Meal 10 for user a4@null.com',110,15,'2017-01-08 00:28:49','2017-01-08 00:28:49','2017-01-08 00:28:49'),(222,'Meal 11 for user a4@null.com',111,15,'2017-01-08 00:28:49','2017-01-08 00:28:49','2017-01-08 00:28:49'),(223,'Meal 12 for user a4@null.com',112,15,'2017-01-08 00:28:49','2017-01-08 00:28:49','2017-01-08 00:28:49'),(224,'Meal 13 for user a4@null.com',113,15,'2017-01-08 00:28:49','2017-01-08 00:28:49','2017-01-08 00:28:49'),(225,'Meal 14 for user a4@null.com',114,15,'2017-01-08 00:28:49','2017-01-08 00:28:49','2017-01-08 00:28:49'),(226,'Meal 0 for user r5@null.com',100,16,'2017-01-08 00:28:49','2017-01-08 00:28:49','2017-01-08 00:28:49'),(227,'Meal 1 for user r5@null.com',101,16,'2017-01-08 00:28:49','2017-01-08 00:28:49','2017-01-08 00:28:49'),(228,'Meal 2 for user r5@null.com',102,16,'2017-01-08 00:28:49','2017-01-08 00:28:49','2017-01-08 00:28:49'),(229,'Meal 3 for user r5@null.com',103,16,'2017-01-08 00:28:49','2017-01-08 00:28:49','2017-01-08 00:28:49'),(230,'Meal 4 for user r5@null.com',104,16,'2017-01-08 00:28:49','2017-01-08 00:28:49','2017-01-08 00:28:49'),(231,'Meal 5 for user r5@null.com',105,16,'2017-01-08 00:28:49','2017-01-08 00:28:49','2017-01-08 00:28:49'),(232,'Meal 6 for user r5@null.com',106,16,'2017-01-08 00:28:49','2017-01-08 00:28:49','2017-01-08 00:28:49'),(233,'Meal 7 for user r5@null.com',107,16,'2017-01-08 00:28:49','2017-01-08 00:28:49','2017-01-08 00:28:49'),(234,'Meal 8 for user r5@null.com',108,16,'2017-01-08 00:28:49','2017-01-08 00:28:49','2017-01-08 00:28:49'),(235,'Meal 9 for user r5@null.com',109,16,'2017-01-08 00:28:49','2017-01-08 00:28:49','2017-01-08 00:28:49'),(236,'Meal 10 for user r5@null.com',110,16,'2017-01-08 00:28:49','2017-01-08 00:28:49','2017-01-08 00:28:49'),(237,'Meal 11 for user r5@null.com',111,16,'2017-01-08 00:28:49','2017-01-08 00:28:49','2017-01-08 00:28:49'),(238,'Meal 12 for user r5@null.com',112,16,'2017-01-08 00:28:49','2017-01-08 00:28:49','2017-01-08 00:28:49'),(239,'Meal 13 for user r5@null.com',113,16,'2017-01-08 00:28:49','2017-01-08 00:28:49','2017-01-08 00:28:49'),(240,'Meal 14 for user r5@null.com',114,16,'2017-01-08 00:28:49','2017-01-08 00:28:49','2017-01-08 00:28:49'),(241,'Meal 0 for user m5@null.com',100,17,'2017-01-08 00:28:49','2017-01-08 00:28:49','2017-01-08 00:28:49'),(242,'Meal 1 for user m5@null.com',101,17,'2017-01-08 00:28:49','2017-01-08 00:28:49','2017-01-08 00:28:49'),(243,'Meal 2 for user m5@null.com',102,17,'2017-01-08 00:28:49','2017-01-08 00:28:49','2017-01-08 00:28:49'),(244,'Meal 3 for user m5@null.com',103,17,'2017-01-08 00:28:49','2017-01-08 00:28:49','2017-01-08 00:28:49'),(245,'Meal 4 for user m5@null.com',104,17,'2017-01-08 00:28:49','2017-01-08 00:28:49','2017-01-08 00:28:49'),(246,'Meal 5 for user m5@null.com',105,17,'2017-01-08 00:28:49','2017-01-08 00:28:49','2017-01-08 00:28:49'),(247,'Meal 6 for user m5@null.com',106,17,'2017-01-08 00:28:49','2017-01-08 00:28:49','2017-01-08 00:28:49'),(248,'Meal 7 for user m5@null.com',107,17,'2017-01-08 00:28:49','2017-01-08 00:28:49','2017-01-08 00:28:49'),(249,'Meal 8 for user m5@null.com',108,17,'2017-01-08 00:28:49','2017-01-08 00:28:49','2017-01-08 00:28:49'),(250,'Meal 9 for user m5@null.com',109,17,'2017-01-08 00:28:49','2017-01-08 00:28:49','2017-01-08 00:28:49'),(251,'Meal 10 for user m5@null.com',110,17,'2017-01-08 00:28:49','2017-01-08 00:28:49','2017-01-08 00:28:49'),(252,'Meal 11 for user m5@null.com',111,17,'2017-01-08 00:28:49','2017-01-08 00:28:49','2017-01-08 00:28:49'),(253,'Meal 12 for user m5@null.com',112,17,'2017-01-08 00:28:49','2017-01-08 00:28:49','2017-01-08 00:28:49'),(254,'Meal 13 for user m5@null.com',113,17,'2017-01-08 00:28:49','2017-01-08 00:28:49','2017-01-08 00:28:49'),(255,'Meal 14 for user m5@null.com',114,17,'2017-01-08 00:28:49','2017-01-08 00:28:49','2017-01-08 00:28:49'),(256,'Meal 0 for user a5@null.com',100,18,'2017-01-08 00:28:49','2017-01-08 00:28:49','2017-01-08 00:28:49'),(257,'Meal 1 for user a5@null.com',101,18,'2017-01-08 00:28:49','2017-01-08 00:28:49','2017-01-08 00:28:49'),(258,'Meal 2 for user a5@null.com',102,18,'2017-01-08 00:28:49','2017-01-08 00:28:49','2017-01-08 00:28:49'),(259,'Meal 3 for user a5@null.com',103,18,'2017-01-08 00:28:49','2017-01-08 00:28:49','2017-01-08 00:28:49'),(260,'Meal 4 for user a5@null.com',104,18,'2017-01-08 00:28:49','2017-01-08 00:28:49','2017-01-08 00:28:49'),(261,'Meal 5 for user a5@null.com',105,18,'2017-01-08 00:28:49','2017-01-08 00:28:49','2017-01-08 00:28:49'),(262,'Meal 6 for user a5@null.com',106,18,'2017-01-08 00:28:49','2017-01-08 00:28:49','2017-01-08 00:28:49'),(263,'Meal 7 for user a5@null.com',107,18,'2017-01-08 00:28:49','2017-01-08 00:28:49','2017-01-08 00:28:49'),(264,'Meal 8 for user a5@null.com',108,18,'2017-01-08 00:28:49','2017-01-08 00:28:49','2017-01-08 00:28:49'),(265,'Meal 9 for user a5@null.com',109,18,'2017-01-08 00:28:49','2017-01-08 00:28:49','2017-01-08 00:28:49'),(266,'Meal 10 for user a5@null.com',110,18,'2017-01-08 00:28:49','2017-01-08 00:28:49','2017-01-08 00:28:49'),(267,'Meal 11 for user a5@null.com',111,18,'2017-01-08 00:28:49','2017-01-08 00:28:49','2017-01-08 00:28:49'),(268,'Meal 12 for user a5@null.com',112,18,'2017-01-08 00:28:49','2017-01-08 00:28:49','2017-01-08 00:28:49'),(269,'Meal 13 for user a5@null.com',113,18,'2017-01-08 00:28:49','2017-01-08 00:28:49','2017-01-08 00:28:49'),(270,'Meal 14 for user a5@null.com',114,18,'2017-01-08 00:28:49','2017-01-08 00:28:49','2017-01-08 00:28:49'),(271,'Meal 0 for user r6@null.com',100,19,'2017-01-08 00:28:49','2017-01-08 00:28:49','2017-01-08 00:28:49'),(272,'Meal 1 for user r6@null.com',101,19,'2017-01-08 00:28:49','2017-01-08 00:28:49','2017-01-08 00:28:49'),(273,'Meal 2 for user r6@null.com',102,19,'2017-01-08 00:28:49','2017-01-08 00:28:49','2017-01-08 00:28:49'),(274,'Meal 3 for user r6@null.com',103,19,'2017-01-08 00:28:49','2017-01-08 00:28:49','2017-01-08 00:28:49'),(275,'Meal 4 for user r6@null.com',104,19,'2017-01-08 00:28:49','2017-01-08 00:28:49','2017-01-08 00:28:49'),(276,'Meal 5 for user r6@null.com',105,19,'2017-01-08 00:28:49','2017-01-08 00:28:49','2017-01-08 00:28:49'),(277,'Meal 6 for user r6@null.com',106,19,'2017-01-08 00:28:49','2017-01-08 00:28:49','2017-01-08 00:28:49'),(278,'Meal 7 for user r6@null.com',107,19,'2017-01-08 00:28:49','2017-01-08 00:28:49','2017-01-08 00:28:49'),(279,'Meal 8 for user r6@null.com',108,19,'2017-01-08 00:28:49','2017-01-08 00:28:49','2017-01-08 00:28:49'),(280,'Meal 9 for user r6@null.com',109,19,'2017-01-08 00:28:49','2017-01-08 00:28:49','2017-01-08 00:28:49'),(281,'Meal 10 for user r6@null.com',110,19,'2017-01-08 00:28:49','2017-01-08 00:28:49','2017-01-08 00:28:49'),(282,'Meal 11 for user r6@null.com',111,19,'2017-01-08 00:28:49','2017-01-08 00:28:49','2017-01-08 00:28:49'),(283,'Meal 12 for user r6@null.com',112,19,'2017-01-08 00:28:49','2017-01-08 00:28:49','2017-01-08 00:28:49'),(284,'Meal 13 for user r6@null.com',113,19,'2017-01-08 00:28:49','2017-01-08 00:28:49','2017-01-08 00:28:49'),(285,'Meal 14 for user r6@null.com',114,19,'2017-01-08 00:28:49','2017-01-08 00:28:49','2017-01-08 00:28:49'),(286,'Meal 0 for user m6@null.com',100,20,'2017-01-08 00:28:49','2017-01-08 00:28:49','2017-01-08 00:28:49'),(287,'Meal 1 for user m6@null.com',101,20,'2017-01-08 00:28:49','2017-01-08 00:28:49','2017-01-08 00:28:49'),(288,'Meal 2 for user m6@null.com',102,20,'2017-01-08 00:28:49','2017-01-08 00:28:49','2017-01-08 00:28:49'),(289,'Meal 3 for user m6@null.com',103,20,'2017-01-08 00:28:49','2017-01-08 00:28:49','2017-01-08 00:28:49'),(290,'Meal 4 for user m6@null.com',104,20,'2017-01-08 00:28:49','2017-01-08 00:28:49','2017-01-08 00:28:49'),(291,'Meal 5 for user m6@null.com',105,20,'2017-01-08 00:28:49','2017-01-08 00:28:49','2017-01-08 00:28:49'),(292,'Meal 6 for user m6@null.com',106,20,'2017-01-08 00:28:49','2017-01-08 00:28:49','2017-01-08 00:28:49'),(293,'Meal 7 for user m6@null.com',107,20,'2017-01-08 00:28:49','2017-01-08 00:28:49','2017-01-08 00:28:49'),(294,'Meal 8 for user m6@null.com',108,20,'2017-01-08 00:28:49','2017-01-08 00:28:49','2017-01-08 00:28:49'),(295,'Meal 9 for user m6@null.com',109,20,'2017-01-08 00:28:49','2017-01-08 00:28:49','2017-01-08 00:28:49'),(296,'Meal 10 for user m6@null.com',110,20,'2017-01-08 00:28:49','2017-01-08 00:28:49','2017-01-08 00:28:49'),(297,'Meal 11 for user m6@null.com',111,20,'2017-01-08 00:28:49','2017-01-08 00:28:49','2017-01-08 00:28:49'),(298,'Meal 12 for user m6@null.com',112,20,'2017-01-08 00:28:49','2017-01-08 00:28:49','2017-01-08 00:28:49'),(299,'Meal 13 for user m6@null.com',113,20,'2017-01-08 00:28:49','2017-01-08 00:28:49','2017-01-08 00:28:49'),(300,'Meal 14 for user m6@null.com',114,20,'2017-01-08 00:28:49','2017-01-08 00:28:49','2017-01-08 00:28:49'),(301,'Meal 0 for user a6@null.com',100,21,'2017-01-08 00:28:49','2017-01-08 00:28:49','2017-01-08 00:28:49'),(302,'Meal 1 for user a6@null.com',101,21,'2017-01-08 00:28:49','2017-01-08 00:28:49','2017-01-08 00:28:49'),(303,'Meal 2 for user a6@null.com',102,21,'2017-01-08 00:28:49','2017-01-08 00:28:49','2017-01-08 00:28:49'),(304,'Meal 3 for user a6@null.com',103,21,'2017-01-08 00:28:49','2017-01-08 00:28:49','2017-01-08 00:28:49'),(305,'Meal 4 for user a6@null.com',104,21,'2017-01-08 00:28:49','2017-01-08 00:28:49','2017-01-08 00:28:49'),(306,'Meal 5 for user a6@null.com',105,21,'2017-01-08 00:28:49','2017-01-08 00:28:49','2017-01-08 00:28:49'),(307,'Meal 6 for user a6@null.com',106,21,'2017-01-08 00:28:49','2017-01-08 00:28:49','2017-01-08 00:28:49'),(308,'Meal 7 for user a6@null.com',107,21,'2017-01-08 00:28:50','2017-01-08 00:28:50','2017-01-08 00:28:50'),(309,'Meal 8 for user a6@null.com',108,21,'2017-01-08 00:28:50','2017-01-08 00:28:50','2017-01-08 00:28:50'),(310,'Meal 9 for user a6@null.com',109,21,'2017-01-08 00:28:50','2017-01-08 00:28:50','2017-01-08 00:28:50'),(311,'Meal 10 for user a6@null.com',110,21,'2017-01-08 00:28:50','2017-01-08 00:28:50','2017-01-08 00:28:50'),(312,'Meal 11 for user a6@null.com',111,21,'2017-01-08 00:28:50','2017-01-08 00:28:50','2017-01-08 00:28:50'),(313,'Meal 12 for user a6@null.com',112,21,'2017-01-08 00:28:50','2017-01-08 00:28:50','2017-01-08 00:28:50'),(314,'Meal 13 for user a6@null.com',113,21,'2017-01-08 00:28:50','2017-01-08 00:28:50','2017-01-08 00:28:50'),(315,'Meal 14 for user a6@null.com',114,21,'2017-01-08 00:28:50','2017-01-08 00:28:50','2017-01-08 00:28:50'),(316,'Meal 0 for user r7@null.com',100,22,'2017-01-08 00:28:50','2017-01-08 00:28:50','2017-01-08 00:28:50'),(317,'Meal 1 for user r7@null.com',101,22,'2017-01-08 00:28:50','2017-01-08 00:28:50','2017-01-08 00:28:50'),(318,'Meal 2 for user r7@null.com',102,22,'2017-01-08 00:28:50','2017-01-08 00:28:50','2017-01-08 00:28:50'),(319,'Meal 3 for user r7@null.com',103,22,'2017-01-08 00:28:50','2017-01-08 00:28:50','2017-01-08 00:28:50'),(320,'Meal 4 for user r7@null.com',104,22,'2017-01-08 00:28:50','2017-01-08 00:28:50','2017-01-08 00:28:50'),(321,'Meal 5 for user r7@null.com',105,22,'2017-01-08 00:28:50','2017-01-08 00:28:50','2017-01-08 00:28:50'),(322,'Meal 6 for user r7@null.com',106,22,'2017-01-08 00:28:50','2017-01-08 00:28:50','2017-01-08 00:28:50'),(323,'Meal 7 for user r7@null.com',107,22,'2017-01-08 00:28:50','2017-01-08 00:28:50','2017-01-08 00:28:50'),(324,'Meal 8 for user r7@null.com',108,22,'2017-01-08 00:28:50','2017-01-08 00:28:50','2017-01-08 00:28:50'),(325,'Meal 9 for user r7@null.com',109,22,'2017-01-08 00:28:50','2017-01-08 00:28:50','2017-01-08 00:28:50'),(326,'Meal 10 for user r7@null.com',110,22,'2017-01-08 00:28:50','2017-01-08 00:28:50','2017-01-08 00:28:50'),(327,'Meal 11 for user r7@null.com',111,22,'2017-01-08 00:28:50','2017-01-08 00:28:50','2017-01-08 00:28:50'),(328,'Meal 12 for user r7@null.com',112,22,'2017-01-08 00:28:50','2017-01-08 00:28:50','2017-01-08 00:28:50'),(329,'Meal 13 for user r7@null.com',113,22,'2017-01-08 00:28:50','2017-01-08 00:28:50','2017-01-08 00:28:50'),(330,'Meal 14 for user r7@null.com',114,22,'2017-01-08 00:28:50','2017-01-08 00:28:50','2017-01-08 00:28:50'),(331,'Meal 0 for user m7@null.com',100,23,'2017-01-08 00:28:50','2017-01-08 00:28:50','2017-01-08 00:28:50'),(332,'Meal 1 for user m7@null.com',101,23,'2017-01-08 00:28:50','2017-01-08 00:28:50','2017-01-08 00:28:50'),(333,'Meal 2 for user m7@null.com',102,23,'2017-01-08 00:28:50','2017-01-08 00:28:50','2017-01-08 00:28:50'),(334,'Meal 3 for user m7@null.com',103,23,'2017-01-08 00:28:50','2017-01-08 00:28:50','2017-01-08 00:28:50'),(335,'Meal 4 for user m7@null.com',104,23,'2017-01-08 00:28:50','2017-01-08 00:28:50','2017-01-08 00:28:50'),(336,'Meal 5 for user m7@null.com',105,23,'2017-01-08 00:28:50','2017-01-08 00:28:50','2017-01-08 00:28:50'),(337,'Meal 6 for user m7@null.com',106,23,'2017-01-08 00:28:50','2017-01-08 00:28:50','2017-01-08 00:28:50'),(338,'Meal 7 for user m7@null.com',107,23,'2017-01-08 00:28:50','2017-01-08 00:28:50','2017-01-08 00:28:50'),(339,'Meal 8 for user m7@null.com',108,23,'2017-01-08 00:28:50','2017-01-08 00:28:50','2017-01-08 00:28:50'),(340,'Meal 9 for user m7@null.com',109,23,'2017-01-08 00:28:50','2017-01-08 00:28:50','2017-01-08 00:28:50'),(341,'Meal 10 for user m7@null.com',110,23,'2017-01-08 00:28:50','2017-01-08 00:28:50','2017-01-08 00:28:50'),(342,'Meal 11 for user m7@null.com',111,23,'2017-01-08 00:28:50','2017-01-08 00:28:50','2017-01-08 00:28:50'),(343,'Meal 12 for user m7@null.com',112,23,'2017-01-08 00:28:50','2017-01-08 00:28:50','2017-01-08 00:28:50'),(344,'Meal 13 for user m7@null.com',113,23,'2017-01-08 00:28:50','2017-01-08 00:28:50','2017-01-08 00:28:50'),(345,'Meal 14 for user m7@null.com',114,23,'2017-01-08 00:28:50','2017-01-08 00:28:50','2017-01-08 00:28:50'),(346,'Meal 0 for user a7@null.com',100,24,'2017-01-08 00:28:50','2017-01-08 00:28:50','2017-01-08 00:28:50'),(347,'Meal 1 for user a7@null.com',101,24,'2017-01-08 00:28:50','2017-01-08 00:28:50','2017-01-08 00:28:50'),(348,'Meal 2 for user a7@null.com',102,24,'2017-01-08 00:28:50','2017-01-08 00:28:50','2017-01-08 00:28:50'),(349,'Meal 3 for user a7@null.com',103,24,'2017-01-08 00:28:50','2017-01-08 00:28:50','2017-01-08 00:28:50'),(350,'Meal 4 for user a7@null.com',104,24,'2017-01-08 00:28:50','2017-01-08 00:28:50','2017-01-08 00:28:50'),(351,'Meal 5 for user a7@null.com',105,24,'2017-01-08 00:28:50','2017-01-08 00:28:50','2017-01-08 00:28:50'),(352,'Meal 6 for user a7@null.com',106,24,'2017-01-08 00:28:50','2017-01-08 00:28:50','2017-01-08 00:28:50'),(353,'Meal 7 for user a7@null.com',107,24,'2017-01-08 00:28:50','2017-01-08 00:28:50','2017-01-08 00:28:50'),(354,'Meal 8 for user a7@null.com',108,24,'2017-01-08 00:28:50','2017-01-08 00:28:50','2017-01-08 00:28:50'),(355,'Meal 9 for user a7@null.com',109,24,'2017-01-08 00:28:50','2017-01-08 00:28:50','2017-01-08 00:28:50'),(356,'Meal 10 for user a7@null.com',110,24,'2017-01-08 00:28:50','2017-01-08 00:28:50','2017-01-08 00:28:50'),(357,'Meal 11 for user a7@null.com',111,24,'2017-01-08 00:28:50','2017-01-08 00:28:50','2017-01-08 00:28:50'),(358,'Meal 12 for user a7@null.com',112,24,'2017-01-08 00:28:50','2017-01-08 00:28:50','2017-01-08 00:28:50'),(359,'Meal 13 for user a7@null.com',113,24,'2017-01-08 00:28:50','2017-01-08 00:28:50','2017-01-08 00:28:50'),(360,'Meal 14 for user a7@null.com',114,24,'2017-01-08 00:28:50','2017-01-08 00:28:50','2017-01-08 00:28:50'),(361,'Meal 0 for user r8@null.com',100,25,'2017-01-08 00:28:50','2017-01-08 00:28:50','2017-01-08 00:28:50'),(362,'Meal 1 for user r8@null.com',101,25,'2017-01-08 00:28:50','2017-01-08 00:28:50','2017-01-08 00:28:50'),(363,'Meal 2 for user r8@null.com',102,25,'2017-01-08 00:28:50','2017-01-08 00:28:50','2017-01-08 00:28:50'),(364,'Meal 3 for user r8@null.com',103,25,'2017-01-08 00:28:50','2017-01-08 00:28:50','2017-01-08 00:28:50'),(365,'Meal 4 for user r8@null.com',104,25,'2017-01-08 00:28:50','2017-01-08 00:28:50','2017-01-08 00:28:50'),(366,'Meal 5 for user r8@null.com',105,25,'2017-01-08 00:28:50','2017-01-08 00:28:50','2017-01-08 00:28:50'),(367,'Meal 6 for user r8@null.com',106,25,'2017-01-08 00:28:50','2017-01-08 00:28:50','2017-01-08 00:28:50'),(368,'Meal 7 for user r8@null.com',107,25,'2017-01-08 00:28:50','2017-01-08 00:28:50','2017-01-08 00:28:50'),(369,'Meal 8 for user r8@null.com',108,25,'2017-01-08 00:28:50','2017-01-08 00:28:50','2017-01-08 00:28:50'),(370,'Meal 9 for user r8@null.com',109,25,'2017-01-08 00:28:50','2017-01-08 00:28:50','2017-01-08 00:28:50'),(371,'Meal 10 for user r8@null.com',110,25,'2017-01-08 00:28:50','2017-01-08 00:28:50','2017-01-08 00:28:50'),(372,'Meal 11 for user r8@null.com',111,25,'2017-01-08 00:28:50','2017-01-08 00:28:50','2017-01-08 00:28:50'),(373,'Meal 12 for user r8@null.com',112,25,'2017-01-08 00:28:50','2017-01-08 00:28:50','2017-01-08 00:28:50'),(374,'Meal 13 for user r8@null.com',113,25,'2017-01-08 00:28:50','2017-01-08 00:28:50','2017-01-08 00:28:50'),(375,'Meal 14 for user r8@null.com',114,25,'2017-01-08 00:28:50','2017-01-08 00:28:50','2017-01-08 00:28:50'),(376,'Meal 0 for user m8@null.com',100,26,'2017-01-08 00:28:50','2017-01-08 00:28:50','2017-01-08 00:28:50'),(377,'Meal 1 for user m8@null.com',101,26,'2017-01-08 00:28:50','2017-01-08 00:28:50','2017-01-08 00:28:50'),(378,'Meal 2 for user m8@null.com',102,26,'2017-01-08 00:28:50','2017-01-08 00:28:50','2017-01-08 00:28:50'),(379,'Meal 3 for user m8@null.com',103,26,'2017-01-08 00:28:50','2017-01-08 00:28:50','2017-01-08 00:28:50'),(380,'Meal 4 for user m8@null.com',104,26,'2017-01-08 00:28:50','2017-01-08 00:28:50','2017-01-08 00:28:50'),(381,'Meal 5 for user m8@null.com',105,26,'2017-01-08 00:28:50','2017-01-08 00:28:50','2017-01-08 00:28:50'),(382,'Meal 6 for user m8@null.com',106,26,'2017-01-08 00:28:50','2017-01-08 00:28:50','2017-01-08 00:28:50'),(383,'Meal 7 for user m8@null.com',107,26,'2017-01-08 00:28:50','2017-01-08 00:28:50','2017-01-08 00:28:50'),(384,'Meal 8 for user m8@null.com',108,26,'2017-01-08 00:28:50','2017-01-08 00:28:50','2017-01-08 00:28:50'),(385,'Meal 9 for user m8@null.com',109,26,'2017-01-08 00:28:50','2017-01-08 00:28:50','2017-01-08 00:28:50'),(386,'Meal 10 for user m8@null.com',110,26,'2017-01-08 00:28:50','2017-01-08 00:28:50','2017-01-08 00:28:50'),(387,'Meal 11 for user m8@null.com',111,26,'2017-01-08 00:28:50','2017-01-08 00:28:50','2017-01-08 00:28:50'),(388,'Meal 12 for user m8@null.com',112,26,'2017-01-08 00:28:50','2017-01-08 00:28:50','2017-01-08 00:28:50'),(389,'Meal 13 for user m8@null.com',113,26,'2017-01-08 00:28:50','2017-01-08 00:28:50','2017-01-08 00:28:50'),(390,'Meal 14 for user m8@null.com',114,26,'2017-01-08 00:28:50','2017-01-08 00:28:50','2017-01-08 00:28:50'),(391,'Meal 0 for user a8@null.com',100,27,'2017-01-08 00:28:50','2017-01-08 00:28:50','2017-01-08 00:28:50'),(392,'Meal 1 for user a8@null.com',101,27,'2017-01-08 00:28:50','2017-01-08 00:28:50','2017-01-08 00:28:50'),(393,'Meal 2 for user a8@null.com',102,27,'2017-01-08 00:28:50','2017-01-08 00:28:50','2017-01-08 00:28:50'),(394,'Meal 3 for user a8@null.com',103,27,'2017-01-08 00:28:50','2017-01-08 00:28:50','2017-01-08 00:28:50'),(395,'Meal 4 for user a8@null.com',104,27,'2017-01-08 00:28:50','2017-01-08 00:28:50','2017-01-08 00:28:50'),(396,'Meal 5 for user a8@null.com',105,27,'2017-01-08 00:28:50','2017-01-08 00:28:50','2017-01-08 00:28:50'),(397,'Meal 6 for user a8@null.com',106,27,'2017-01-08 00:28:50','2017-01-08 00:28:50','2017-01-08 00:28:50'),(398,'Meal 7 for user a8@null.com',107,27,'2017-01-08 00:28:50','2017-01-08 00:28:50','2017-01-08 00:28:50'),(399,'Meal 8 for user a8@null.com',108,27,'2017-01-08 00:28:50','2017-01-08 00:28:50','2017-01-08 00:28:50'),(400,'Meal 9 for user a8@null.com',109,27,'2017-01-08 00:28:50','2017-01-08 00:28:50','2017-01-08 00:28:50'),(401,'Meal 10 for user a8@null.com',110,27,'2017-01-08 00:28:50','2017-01-08 00:28:50','2017-01-08 00:28:50'),(402,'Meal 11 for user a8@null.com',111,27,'2017-01-08 00:28:50','2017-01-08 00:28:50','2017-01-08 00:28:50'),(403,'Meal 12 for user a8@null.com',112,27,'2017-01-08 00:28:50','2017-01-08 00:28:50','2017-01-08 00:28:50'),(404,'Meal 13 for user a8@null.com',113,27,'2017-01-08 00:28:50','2017-01-08 00:28:50','2017-01-08 00:28:50'),(405,'Meal 14 for user a8@null.com',114,27,'2017-01-08 00:28:50','2017-01-08 00:28:50','2017-01-08 00:28:50'),(406,'Meal 0 for user r9@null.com',100,28,'2017-01-08 00:28:50','2017-01-08 00:28:50','2017-01-08 00:28:50'),(407,'Meal 1 for user r9@null.com',101,28,'2017-01-08 00:28:50','2017-01-08 00:28:50','2017-01-08 00:28:50'),(408,'Meal 2 for user r9@null.com',102,28,'2017-01-08 00:28:50','2017-01-08 00:28:50','2017-01-08 00:28:50'),(409,'Meal 3 for user r9@null.com',103,28,'2017-01-08 00:28:50','2017-01-08 00:28:50','2017-01-08 00:28:50'),(410,'Meal 4 for user r9@null.com',104,28,'2017-01-08 00:28:50','2017-01-08 00:28:50','2017-01-08 00:28:50'),(411,'Meal 5 for user r9@null.com',105,28,'2017-01-08 00:28:50','2017-01-08 00:28:50','2017-01-08 00:28:50'),(412,'Meal 6 for user r9@null.com',106,28,'2017-01-08 00:28:50','2017-01-08 00:28:50','2017-01-08 00:28:50'),(413,'Meal 7 for user r9@null.com',107,28,'2017-01-08 00:28:50','2017-01-08 00:28:50','2017-01-08 00:28:50'),(414,'Meal 8 for user r9@null.com',108,28,'2017-01-08 00:28:50','2017-01-08 00:28:50','2017-01-08 00:28:50'),(415,'Meal 9 for user r9@null.com',109,28,'2017-01-08 00:28:50','2017-01-08 00:28:50','2017-01-08 00:28:50'),(416,'Meal 10 for user r9@null.com',110,28,'2017-01-08 00:28:50','2017-01-08 00:28:50','2017-01-08 00:28:50'),(417,'Meal 11 for user r9@null.com',111,28,'2017-01-08 00:28:50','2017-01-08 00:28:50','2017-01-08 00:28:50'),(418,'Meal 12 for user r9@null.com',112,28,'2017-01-08 00:28:50','2017-01-08 00:28:50','2017-01-08 00:28:50'),(419,'Meal 13 for user r9@null.com',113,28,'2017-01-08 00:28:50','2017-01-08 00:28:50','2017-01-08 00:28:50'),(420,'Meal 14 for user r9@null.com',114,28,'2017-01-08 00:28:50','2017-01-08 00:28:50','2017-01-08 00:28:50'),(421,'Meal 0 for user m9@null.com',100,29,'2017-01-08 00:28:50','2017-01-08 00:28:50','2017-01-08 00:28:50'),(422,'Meal 1 for user m9@null.com',101,29,'2017-01-08 00:28:50','2017-01-08 00:28:50','2017-01-08 00:28:50'),(423,'Meal 2 for user m9@null.com',102,29,'2017-01-08 00:28:50','2017-01-08 00:28:50','2017-01-08 00:28:50'),(424,'Meal 3 for user m9@null.com',103,29,'2017-01-08 00:28:50','2017-01-08 00:28:50','2017-01-08 00:28:50'),(425,'Meal 4 for user m9@null.com',104,29,'2017-01-08 00:28:50','2017-01-08 00:28:50','2017-01-08 00:28:50'),(426,'Meal 5 for user m9@null.com',105,29,'2017-01-08 00:28:50','2017-01-08 00:28:50','2017-01-08 00:28:50'),(427,'Meal 6 for user m9@null.com',106,29,'2017-01-08 00:28:50','2017-01-08 00:28:50','2017-01-08 00:28:50'),(428,'Meal 7 for user m9@null.com',107,29,'2017-01-08 00:28:50','2017-01-08 00:28:50','2017-01-08 00:28:50'),(429,'Meal 8 for user m9@null.com',108,29,'2017-01-08 00:28:50','2017-01-08 00:28:50','2017-01-08 00:28:50'),(430,'Meal 9 for user m9@null.com',109,29,'2017-01-08 00:28:50','2017-01-08 00:28:50','2017-01-08 00:28:50'),(431,'Meal 10 for user m9@null.com',110,29,'2017-01-08 00:28:50','2017-01-08 00:28:50','2017-01-08 00:28:50'),(432,'Meal 11 for user m9@null.com',111,29,'2017-01-08 00:28:50','2017-01-08 00:28:50','2017-01-08 00:28:50'),(433,'Meal 12 for user m9@null.com',112,29,'2017-01-08 00:28:50','2017-01-08 00:28:50','2017-01-08 00:28:50'),(434,'Meal 13 for user m9@null.com',113,29,'2017-01-08 00:28:50','2017-01-08 00:28:50','2017-01-08 00:28:50'),(435,'Meal 14 for user m9@null.com',114,29,'2017-01-08 00:28:50','2017-01-08 00:28:50','2017-01-08 00:28:50'),(436,'Meal 0 for user a9@null.com',100,30,'2017-01-08 00:28:50','2017-01-08 00:28:50','2017-01-08 00:28:50'),(437,'Meal 1 for user a9@null.com',101,30,'2017-01-08 00:28:50','2017-01-08 00:28:50','2017-01-08 00:28:50'),(438,'Meal 2 for user a9@null.com',102,30,'2017-01-08 00:28:50','2017-01-08 00:28:50','2017-01-08 00:28:50'),(439,'Meal 3 for user a9@null.com',103,30,'2017-01-08 00:28:50','2017-01-08 00:28:50','2017-01-08 00:28:50'),(440,'Meal 4 for user a9@null.com',104,30,'2017-01-08 00:28:50','2017-01-08 00:28:50','2017-01-08 00:28:50'),(441,'Meal 5 for user a9@null.com',105,30,'2017-01-08 00:28:50','2017-01-08 00:28:50','2017-01-08 00:28:50'),(442,'Meal 6 for user a9@null.com',106,30,'2017-01-08 00:28:50','2017-01-08 00:28:50','2017-01-08 00:28:50'),(443,'Meal 7 for user a9@null.com',107,30,'2017-01-08 00:28:50','2017-01-08 00:28:50','2017-01-08 00:28:50'),(444,'Meal 8 for user a9@null.com',108,30,'2017-01-08 00:28:50','2017-01-08 00:28:50','2017-01-08 00:28:50'),(445,'Meal 9 for user a9@null.com',109,30,'2017-01-08 00:28:50','2017-01-08 00:28:50','2017-01-08 00:28:50'),(446,'Meal 10 for user a9@null.com',110,30,'2017-01-08 00:28:50','2017-01-08 00:28:50','2017-01-08 00:28:50'),(447,'Meal 11 for user a9@null.com',111,30,'2017-01-08 00:28:50','2017-01-08 00:28:50','2017-01-08 00:28:50'),(448,'Meal 12 for user a9@null.com',112,30,'2017-01-08 00:28:50','2017-01-08 00:28:50','2017-01-08 00:28:50'),(449,'Meal 13 for user a9@null.com',113,30,'2017-01-08 00:28:50','2017-01-08 00:28:50','2017-01-08 00:28:50'),(450,'Meal 14 for user a9@null.com',114,30,'2017-01-08 00:28:50','2017-01-08 00:28:50','2017-01-08 00:28:50');
/*!40000 ALTER TABLE `meals` ENABLE KEYS */;
UNLOCK TABLES;

--
-- Table structure for table `schema_migrations`
--

DROP TABLE IF EXISTS `schema_migrations`;
/*!40101 SET @saved_cs_client     = @@character_set_client */;
/*!40101 SET character_set_client = utf8 */;
CREATE TABLE `schema_migrations` (
  `version` varchar(255) NOT NULL,
  PRIMARY KEY (`version`)
) ENGINE=InnoDB DEFAULT CHARSET=utf8;
/*!40101 SET character_set_client = @saved_cs_client */;

--
-- Dumping data for table `schema_migrations`
--

LOCK TABLES `schema_migrations` WRITE;
/*!40000 ALTER TABLE `schema_migrations` DISABLE KEYS */;
INSERT INTO `schema_migrations` VALUES ('20161229222659'),('20161229230810'),('20170107170445'),('20170107170702');
/*!40000 ALTER TABLE `schema_migrations` ENABLE KEYS */;
UNLOCK TABLES;

--
-- Table structure for table `users`
--

DROP TABLE IF EXISTS `users`;
/*!40101 SET @saved_cs_client     = @@character_set_client */;
/*!40101 SET character_set_client = utf8 */;
CREATE TABLE `users` (
  `id` int(11) NOT NULL AUTO_INCREMENT,
  `provider` varchar(255) NOT NULL DEFAULT 'email',
  `uid` varchar(255) NOT NULL DEFAULT '',
  `encrypted_password` varchar(255) NOT NULL DEFAULT '',
  `reset_password_token` varchar(255) DEFAULT NULL,
  `reset_password_sent_at` datetime DEFAULT NULL,
  `remember_created_at` datetime DEFAULT NULL,
  `sign_in_count` int(11) NOT NULL DEFAULT '0',
  `current_sign_in_at` datetime DEFAULT NULL,
  `last_sign_in_at` datetime DEFAULT NULL,
  `current_sign_in_ip` varchar(255) DEFAULT NULL,
  `last_sign_in_ip` varchar(255) DEFAULT NULL,
  `confirmation_token` varchar(255) DEFAULT NULL,
  `confirmed_at` datetime DEFAULT NULL,
  `confirmation_sent_at` datetime DEFAULT NULL,
  `unconfirmed_email` varchar(255) DEFAULT NULL,
  `name` varchar(255) DEFAULT NULL,
  `nickname` varchar(255) DEFAULT NULL,
  `image` varchar(255) DEFAULT NULL,
  `email` varchar(255) DEFAULT NULL,
  `tokens` text,
  `created_at` datetime NOT NULL,
  `updated_at` datetime NOT NULL,
  `first_name` varchar(255) DEFAULT NULL,
  `last_name` varchar(255) DEFAULT NULL,
  `role` int(11) DEFAULT '100',
  `expected_calories` int(11) DEFAULT NULL,
  PRIMARY KEY (`id`),
  UNIQUE KEY `index_users_on_uid_and_provider` (`uid`,`provider`),
  UNIQUE KEY `index_users_on_reset_password_token` (`reset_password_token`),
  KEY `index_users_on_email` (`email`)
) ENGINE=InnoDB AUTO_INCREMENT=31 DEFAULT CHARSET=utf8;
/*!40101 SET character_set_client = @saved_cs_client */;

--
-- Dumping data for table `users`
--

LOCK TABLES `users` WRITE;
/*!40000 ALTER TABLE `users` DISABLE KEYS */;
INSERT INTO `users` VALUES (1,'email','r0@null.com','$2a$11$sDzMNUlDAeWqmzaO7X/PD.qvRTJl2JPnMVCRz00TS9kWaObVYaDma',NULL,NULL,NULL,0,NULL,NULL,NULL,NULL,NULL,NULL,NULL,NULL,NULL,NULL,NULL,'r0@null.com','{}','2017-01-08 00:28:43','2017-01-08 00:28:43','rf0','rl0',100,NULL),(2,'email','m0@null.com','$2a$11$ic/EArKmkioIpyBnLNVxG.5eT.iCWYHmQnjsE4dkJgPRuUDGJi8Cy',NULL,NULL,NULL,0,NULL,NULL,NULL,NULL,NULL,NULL,NULL,NULL,NULL,NULL,NULL,'m0@null.com','{}','2017-01-08 00:28:43','2017-01-08 00:28:43','mf0','ml0',200,NULL),(3,'email','a0@null.com','$2a$11$E9xlDHMyae.DPgXB80eLcehYZgQW29wrv6Lt1iQsMC0ngRP4MBUCu',NULL,NULL,NULL,0,NULL,NULL,NULL,NULL,NULL,NULL,NULL,NULL,NULL,NULL,NULL,'a0@null.com','{}','2017-01-08 00:28:43','2017-01-08 00:28:43','af0','al0',1000,NULL),(4,'email','r1@null.com','$2a$11$s0hwANNmm1ksCuUeo4AjleLIVuwCXQSxGYPvKv.mVRDkz7aDNYGqW',NULL,NULL,NULL,0,NULL,NULL,NULL,NULL,NULL,NULL,NULL,NULL,NULL,NULL,NULL,'r1@null.com','{}','2017-01-08 00:28:43','2017-01-08 00:28:43','rf1','rl1',100,NULL),(5,'email','m1@null.com','$2a$11$wWitcDDA5luj3TDE.JHN.et2kCYFMCKuOcMkkVOiJfhAFVflZceEa',NULL,NULL,NULL,0,NULL,NULL,NULL,NULL,NULL,NULL,NULL,NULL,NULL,NULL,NULL,'m1@null.com','{}','2017-01-08 00:28:44','2017-01-08 00:28:44','mf1','ml1',200,NULL),(6,'email','a1@null.com','$2a$11$dgOPMVt7rPsV1j9Ryo8kd.V6lPr3aVZlZHl4GJIwt63i.DULRyYDu',NULL,NULL,NULL,0,NULL,NULL,NULL,NULL,NULL,NULL,NULL,NULL,NULL,NULL,NULL,'a1@null.com','{}','2017-01-08 00:28:44','2017-01-08 00:28:44','af1','al1',1000,NULL),(7,'email','r2@null.com','$2a$11$xmg6MPVYiC8eFJVro/tZWebXbiRR7d0PtAXg2uNO66mnZhcstFfAi',NULL,NULL,NULL,0,NULL,NULL,NULL,NULL,NULL,NULL,NULL,NULL,NULL,NULL,NULL,'r2@null.com','{}','2017-01-08 00:28:44','2017-01-08 00:28:44','rf2','rl2',100,NULL),(8,'email','m2@null.com','$2a$11$.EFvEmgPka7fvZeJGrHCQuBcE1l20kMvAEjchygw6NT5J65FbNvS.',NULL,NULL,NULL,0,NULL,NULL,NULL,NULL,NULL,NULL,NULL,NULL,NULL,NULL,NULL,'m2@null.com','{}','2017-01-08 00:28:44','2017-01-08 00:28:44','mf2','ml2',200,NULL),(9,'email','a2@null.com','$2a$11$FDejnTaHK2s.lv6opnC3i.U/eiC95w8DPrP5ZTJQetCfmfITwYyeK',NULL,NULL,NULL,0,NULL,NULL,NULL,NULL,NULL,NULL,NULL,NULL,NULL,NULL,NULL,'a2@null.com','{}','2017-01-08 00:28:44','2017-01-08 00:28:44','af2','al2',1000,NULL),(10,'email','r3@null.com','$2a$11$CQY/K1aPdJeKsj9ifYBRZuWTrpTJL5z958JWYaKSXiAE8Ca1nhvB6',NULL,NULL,NULL,0,NULL,NULL,NULL,NULL,NULL,NULL,NULL,NULL,NULL,NULL,NULL,'r3@null.com','{}','2017-01-08 00:28:45','2017-01-08 00:28:45','rf3','rl3',100,NULL),(11,'email','m3@null.com','$2a$11$csKsjYQqhMHdOwVl1VtjAeWCtgH/jYUmvSFhtEZhoC1kjQwQlZ3bG',NULL,NULL,NULL,0,NULL,NULL,NULL,NULL,NULL,NULL,NULL,NULL,NULL,NULL,NULL,'m3@null.com','{}','2017-01-08 00:28:45','2017-01-08 00:28:45','mf3','ml3',200,NULL),(12,'email','a3@null.com','$2a$11$qIhsgotrvP8XqV034NcWa.k9Tx2B9jdom6BPDJQCt42tEzudb7vs6',NULL,NULL,NULL,0,NULL,NULL,NULL,NULL,NULL,NULL,NULL,NULL,NULL,NULL,NULL,'a3@null.com','{}','2017-01-08 00:28:45','2017-01-08 00:28:45','af3','al3',1000,NULL),(13,'email','r4@null.com','$2a$11$0J5Xq6Li5Tdqmui0p9NIRuxX.yGJhe9M3c1ufr1gDe3.rTSpNtV0m',NULL,NULL,NULL,0,NULL,NULL,NULL,NULL,NULL,NULL,NULL,NULL,NULL,NULL,NULL,'r4@null.com','{}','2017-01-08 00:28:45','2017-01-08 00:28:45','rf4','rl4',100,NULL),(14,'email','m4@null.com','$2a$11$UV7M6Y5cxC0CV9RKGYzw..qGJkctkQcnWX6Fnt4WnvxyMaFQ8XX8u',NULL,NULL,NULL,0,NULL,NULL,NULL,NULL,NULL,NULL,NULL,NULL,NULL,NULL,NULL,'m4@null.com','{}','2017-01-08 00:28:45','2017-01-08 00:28:45','mf4','ml4',200,NULL),(15,'email','a4@null.com','$2a$11$lRaL.VSv6J49twYYyWdRYebUcJIcY9knNpRE31a10t/lqyhgK24GG',NULL,NULL,NULL,0,NULL,NULL,NULL,NULL,NULL,NULL,NULL,NULL,NULL,NULL,NULL,'a4@null.com','{}','2017-01-08 00:28:46','2017-01-08 00:28:46','af4','al4',1000,NULL),(16,'email','r5@null.com','$2a$11$95aa.oZ27YHktkzF23dtYu3akP3TPNUEW4zeBym2n2bDWLLpOO66.',NULL,NULL,NULL,0,NULL,NULL,NULL,NULL,NULL,NULL,NULL,NULL,NULL,NULL,NULL,'r5@null.com','{}','2017-01-08 00:28:46','2017-01-08 00:28:46','rf5','rl5',100,NULL),(17,'email','m5@null.com','$2a$11$Ky/UoibeoBFVOA47.9/.hOuClxc7ZOZkl/W2kXTF8TnxNqaGXvL4y',NULL,NULL,NULL,0,NULL,NULL,NULL,NULL,NULL,NULL,NULL,NULL,NULL,NULL,NULL,'m5@null.com','{}','2017-01-08 00:28:46','2017-01-08 00:28:46','mf5','ml5',200,NULL),(18,'email','a5@null.com','$2a$11$mK8NdBk4hg1fUS.x/I.j3e08VRaIfaVoUtk9gklqKumSEvcgxBjOC',NULL,NULL,NULL,0,NULL,NULL,NULL,NULL,NULL,NULL,NULL,NULL,NULL,NULL,NULL,'a5@null.com','{}','2017-01-08 00:28:46','2017-01-08 00:28:46','af5','al5',1000,NULL),(19,'email','r6@null.com','$2a$11$erNcPyiNVPwjzdR2zcW8Gu5FOguAqy6x.Abd5YnSQOC2XqEYwvtUG',NULL,NULL,NULL,0,NULL,NULL,NULL,NULL,NULL,NULL,NULL,NULL,NULL,NULL,NULL,'r6@null.com','{}','2017-01-08 00:28:46','2017-01-08 00:28:46','rf6','rl6',100,NULL),(20,'email','m6@null.com','$2a$11$ktoQZgEjuzh1e7yXhfopTeT1Ry5aMMjT8oJPTiizd8gV9rp6E2/CG',NULL,NULL,NULL,0,NULL,NULL,NULL,NULL,NULL,NULL,NULL,NULL,NULL,NULL,NULL,'m6@null.com','{}','2017-01-08 00:28:47','2017-01-08 00:28:47','mf6','ml6',200,NULL),(21,'email','a6@null.com','$2a$11$3WbXz9GfdoxUhCL.kY9GK.gBJN66f22uuzeXduyjauGyJBE4k/qwe',NULL,NULL,NULL,0,NULL,NULL,NULL,NULL,NULL,NULL,NULL,NULL,NULL,NULL,NULL,'a6@null.com','{}','2017-01-08 00:28:47','2017-01-08 00:28:47','af6','al6',1000,NULL),(22,'email','r7@null.com','$2a$11$dKW3Ugf8x4Du.urFesIC0.ggG5o.xTUh3modo/I2m1HLNtdXRVF6a',NULL,NULL,NULL,0,NULL,NULL,NULL,NULL,NULL,NULL,NULL,NULL,NULL,NULL,NULL,'r7@null.com','{}','2017-01-08 00:28:47','2017-01-08 00:28:47','rf7','rl7',100,NULL),(23,'email','m7@null.com','$2a$11$rOfUSRgioR73ESAUXtA0fuN3aTflgqiIGMfGf87PpIPB/h7FvhbLO',NULL,NULL,NULL,0,NULL,NULL,NULL,NULL,NULL,NULL,NULL,NULL,NULL,NULL,NULL,'m7@null.com','{}','2017-01-08 00:28:47','2017-01-08 00:28:47','mf7','ml7',200,NULL),(24,'email','a7@null.com','$2a$11$wh1ZVSeE.uzd662SEltusOzeqHUyg.VcxdkwdoZI/JWO/O2XBsg0u',NULL,NULL,NULL,0,NULL,NULL,NULL,NULL,NULL,NULL,NULL,NULL,NULL,NULL,NULL,'a7@null.com','{}','2017-01-08 00:28:47','2017-01-08 00:28:47','af7','al7',1000,NULL),(25,'email','r8@null.com','$2a$11$y4XdujpEnGgNXkdcj4Peoudl84/WcigxPXcYfcFJaE03LBXng9FXS',NULL,NULL,NULL,0,NULL,NULL,NULL,NULL,NULL,NULL,NULL,NULL,NULL,NULL,NULL,'r8@null.com','{}','2017-01-08 00:28:47','2017-01-08 00:28:47','rf8','rl8',100,NULL),(26,'email','m8@null.com','$2a$11$FcJL7R4PraeCPDgLqq4VbuzbpP0kKTmZ7ifETqOrVv5ZS58kGxXJm',NULL,NULL,NULL,0,NULL,NULL,NULL,NULL,NULL,NULL,NULL,NULL,NULL,NULL,NULL,'m8@null.com','{}','2017-01-08 00:28:48','2017-01-08 00:28:48','mf8','ml8',200,NULL),(27,'email','a8@null.com','$2a$11$lpgtfWBLCeEjZNXgZMbW6uppJf7yaDyZ2pir5q0Lwjirhg5vmDBom',NULL,NULL,NULL,0,NULL,NULL,NULL,NULL,NULL,NULL,NULL,NULL,NULL,NULL,NULL,'a8@null.com','{}','2017-01-08 00:28:48','2017-01-08 00:28:48','af8','al8',1000,NULL),(28,'email','r9@null.com','$2a$11$3csnQQDDmoe6U02dQ6rM/uCKOfhKsE6QG/EA8unDjw4pHFrXGaJ4O',NULL,NULL,NULL,0,NULL,NULL,NULL,NULL,NULL,NULL,NULL,NULL,NULL,NULL,NULL,'r9@null.com','{}','2017-01-08 00:28:48','2017-01-08 00:28:48','rf9','rl9',100,NULL),(29,'email','m9@null.com','$2a$11$VKcGgB.uQfDEN29QKyGH5ueyWMfAwzfEN1ign2ZsGaN.U.76jCg4G',NULL,NULL,NULL,0,NULL,NULL,NULL,NULL,NULL,NULL,NULL,NULL,NULL,NULL,NULL,'m9@null.com','{}','2017-01-08 00:28:48','2017-01-08 00:28:48','mf9','ml9',200,NULL),(30,'email','a9@null.com','$2a$11$6hByVpGCYkTajBkDhN8jae/gufGR9wDv5qRo7aNsMf4f9EzGW2FXW',NULL,NULL,NULL,0,NULL,NULL,NULL,NULL,NULL,NULL,NULL,NULL,NULL,NULL,NULL,'a9@null.com','{}','2017-01-08 00:28:48','2017-01-08 00:28:48','af9','al9',1000,NULL);
/*!40000 ALTER TABLE `users` ENABLE KEYS */;
UNLOCK TABLES;
/*!40103 SET TIME_ZONE=@OLD_TIME_ZONE */;

/*!40101 SET SQL_MODE=@OLD_SQL_MODE */;
/*!40014 SET FOREIGN_KEY_CHECKS=@OLD_FOREIGN_KEY_CHECKS */;
/*!40014 SET UNIQUE_CHECKS=@OLD_UNIQUE_CHECKS */;
/*!40101 SET CHARACTER_SET_CLIENT=@OLD_CHARACTER_SET_CLIENT */;
/*!40101 SET CHARACTER_SET_RESULTS=@OLD_CHARACTER_SET_RESULTS */;
/*!40101 SET COLLATION_CONNECTION=@OLD_COLLATION_CONNECTION */;
/*!40111 SET SQL_NOTES=@OLD_SQL_NOTES */;

-- Dump completed on 2017-01-07 17:28:50
