-- MySQL dump 10.13  Distrib 5.7.15, for Linux (x86_64)
--
-- Host: localhost    Database: webapp_develop
-- ------------------------------------------------------
-- Server version	5.7.15-0ubuntu2

/*!40101 SET @OLD_CHARACTER_SET_CLIENT=@@CHARACTER_SET_CLIENT */;
/*!40101 SET @OLD_CHARACTER_SET_RESULTS=@@CHARACTER_SET_RESULTS */;
/*!40101 SET @OLD_COLLATION_CONNECTION=@@COLLATION_CONNECTION */;
/*!40101 SET NAMES utf8 */;
/*!40103 SET @OLD_TIME_ZONE=@@TIME_ZONE */;
/*!40103 SET TIME_ZONE='+00:00' */;
/*!40014 SET @OLD_UNIQUE_CHECKS=@@UNIQUE_CHECKS, UNIQUE_CHECKS=0 */;
/*!40014 SET @OLD_FOREIGN_KEY_CHECKS=@@FOREIGN_KEY_CHECKS, FOREIGN_KEY_CHECKS=0 */;
/*!40101 SET @OLD_SQL_MODE=@@SQL_MODE, SQL_MODE='NO_AUTO_VALUE_ON_ZERO' */;
/*!40111 SET @OLD_SQL_NOTES=@@SQL_NOTES, SQL_NOTES=0 */;

--
-- Table structure for table `ar_internal_metadata`
--

DROP TABLE IF EXISTS `ar_internal_metadata`;
/*!40101 SET @saved_cs_client     = @@character_set_client */;
/*!40101 SET character_set_client = utf8 */;
CREATE TABLE `ar_internal_metadata` (
  `key` varchar(255) NOT NULL,
  `value` varchar(255) DEFAULT NULL,
  `created_at` datetime NOT NULL,
  `updated_at` datetime NOT NULL,
  PRIMARY KEY (`key`)
) ENGINE=InnoDB DEFAULT CHARSET=utf8;
/*!40101 SET character_set_client = @saved_cs_client */;

--
-- Dumping data for table `ar_internal_metadata`
--

LOCK TABLES `ar_internal_metadata` WRITE;
/*!40000 ALTER TABLE `ar_internal_metadata` DISABLE KEYS */;
INSERT INTO `ar_internal_metadata` VALUES ('environment','development','2017-01-08 01:37:33','2017-01-08 01:37:33');
/*!40000 ALTER TABLE `ar_internal_metadata` ENABLE KEYS */;
UNLOCK TABLES;

--
-- Table structure for table `meals`
--

DROP TABLE IF EXISTS `meals`;
/*!40101 SET @saved_cs_client     = @@character_set_client */;
/*!40101 SET character_set_client = utf8 */;
CREATE TABLE `meals` (
  `id` int(11) NOT NULL AUTO_INCREMENT,
  `description` varchar(255) DEFAULT NULL,
  `calories` int(11) DEFAULT NULL,
  `user_id` int(11) DEFAULT NULL,
  `date` date DEFAULT NULL,
  `time` time DEFAULT NULL,
  `created_at` datetime NOT NULL,
  `updated_at` datetime NOT NULL,
  PRIMARY KEY (`id`),
  KEY `index_meals_on_user_id` (`user_id`)
) ENGINE=InnoDB AUTO_INCREMENT=451 DEFAULT CHARSET=utf8;
/*!40101 SET character_set_client = @saved_cs_client */;

--
-- Dumping data for table `meals`
--

LOCK TABLES `meals` WRITE;
/*!40000 ALTER TABLE `meals` DISABLE KEYS */;
INSERT INTO `meals` VALUES (1,'Meal 0 for user r0@null.com',100,1,'2017-01-07','01:37:40','2017-01-08 01:37:40','2017-01-08 01:37:40'),(2,'Meal 1 for user r0@null.com',101,1,'2017-01-06','00:37:40','2017-01-08 01:37:40','2017-01-08 01:37:40'),(3,'Meal 2 for user r0@null.com',102,1,'2017-01-05','23:37:40','2017-01-08 01:37:40','2017-01-08 01:37:40'),(4,'Meal 3 for user r0@null.com',103,1,'2017-01-04','22:37:40','2017-01-08 01:37:40','2017-01-08 01:37:40'),(5,'Meal 4 for user r0@null.com',104,1,'2017-01-03','21:37:40','2017-01-08 01:37:40','2017-01-08 01:37:40'),(6,'Meal 5 for user r0@null.com',105,1,'2017-01-02','20:37:40','2017-01-08 01:37:40','2017-01-08 01:37:40'),(7,'Meal 6 for user r0@null.com',106,1,'2017-01-01','19:37:40','2017-01-08 01:37:40','2017-01-08 01:37:40'),(8,'Meal 7 for user r0@null.com',107,1,'2016-12-31','18:37:40','2017-01-08 01:37:40','2017-01-08 01:37:40'),(9,'Meal 8 for user r0@null.com',108,1,'2016-12-30','17:37:40','2017-01-08 01:37:40','2017-01-08 01:37:40'),(10,'Meal 9 for user r0@null.com',109,1,'2016-12-29','16:37:40','2017-01-08 01:37:40','2017-01-08 01:37:40'),(11,'Meal 10 for user r0@null.com',110,1,'2016-12-28','15:37:40','2017-01-08 01:37:40','2017-01-08 01:37:40'),(12,'Meal 11 for user r0@null.com',111,1,'2016-12-27','14:37:40','2017-01-08 01:37:40','2017-01-08 01:37:40'),(13,'Meal 12 for user r0@null.com',112,1,'2016-12-26','13:37:40','2017-01-08 01:37:40','2017-01-08 01:37:40'),(14,'Meal 13 for user r0@null.com',113,1,'2016-12-25','12:37:40','2017-01-08 01:37:40','2017-01-08 01:37:40'),(15,'Meal 14 for user r0@null.com',114,1,'2016-12-24','11:37:40','2017-01-08 01:37:40','2017-01-08 01:37:40'),(16,'Meal 0 for user m0@null.com',100,2,'2017-01-07','01:37:40','2017-01-08 01:37:40','2017-01-08 01:37:40'),(17,'Meal 1 for user m0@null.com',101,2,'2017-01-06','00:37:40','2017-01-08 01:37:40','2017-01-08 01:37:40'),(18,'Meal 2 for user m0@null.com',102,2,'2017-01-05','23:37:40','2017-01-08 01:37:40','2017-01-08 01:37:40'),(19,'Meal 3 for user m0@null.com',103,2,'2017-01-04','22:37:40','2017-01-08 01:37:40','2017-01-08 01:37:40'),(20,'Meal 4 for user m0@null.com',104,2,'2017-01-03','21:37:40','2017-01-08 01:37:40','2017-01-08 01:37:40'),(21,'Meal 5 for user m0@null.com',105,2,'2017-01-02','20:37:40','2017-01-08 01:37:40','2017-01-08 01:37:40'),(22,'Meal 6 for user m0@null.com',106,2,'2017-01-01','19:37:40','2017-01-08 01:37:40','2017-01-08 01:37:40'),(23,'Meal 7 for user m0@null.com',107,2,'2016-12-31','18:37:40','2017-01-08 01:37:40','2017-01-08 01:37:40'),(24,'Meal 8 for user m0@null.com',108,2,'2016-12-30','17:37:40','2017-01-08 01:37:40','2017-01-08 01:37:40'),(25,'Meal 9 for user m0@null.com',109,2,'2016-12-29','16:37:40','2017-01-08 01:37:40','2017-01-08 01:37:40'),(26,'Meal 10 for user m0@null.com',110,2,'2016-12-28','15:37:40','2017-01-08 01:37:40','2017-01-08 01:37:40'),(27,'Meal 11 for user m0@null.com',111,2,'2016-12-27','14:37:40','2017-01-08 01:37:40','2017-01-08 01:37:40'),(28,'Meal 12 for user m0@null.com',112,2,'2016-12-26','13:37:40','2017-01-08 01:37:40','2017-01-08 01:37:40'),(29,'Meal 13 for user m0@null.com',113,2,'2016-12-25','12:37:40','2017-01-08 01:37:40','2017-01-08 01:37:40'),(30,'Meal 14 for user m0@null.com',114,2,'2016-12-24','11:37:40','2017-01-08 01:37:40','2017-01-08 01:37:40'),(31,'Meal 0 for user a0@null.com',100,3,'2017-01-07','01:37:40','2017-01-08 01:37:40','2017-01-08 01:37:40'),(32,'Meal 1 for user a0@null.com',101,3,'2017-01-06','00:37:40','2017-01-08 01:37:40','2017-01-08 01:37:40'),(33,'Meal 2 for user a0@null.com',102,3,'2017-01-05','23:37:40','2017-01-08 01:37:40','2017-01-08 01:37:40'),(34,'Meal 3 for user a0@null.com',103,3,'2017-01-04','22:37:40','2017-01-08 01:37:40','2017-01-08 01:37:40'),(35,'Meal 4 for user a0@null.com',104,3,'2017-01-03','21:37:40','2017-01-08 01:37:40','2017-01-08 01:37:40'),(36,'Meal 5 for user a0@null.com',105,3,'2017-01-02','20:37:40','2017-01-08 01:37:40','2017-01-08 01:37:40'),(37,'Meal 6 for user a0@null.com',106,3,'2017-01-01','19:37:40','2017-01-08 01:37:40','2017-01-08 01:37:40'),(38,'Meal 7 for user a0@null.com',107,3,'2016-12-31','18:37:40','2017-01-08 01:37:40','2017-01-08 01:37:40'),(39,'Meal 8 for user a0@null.com',108,3,'2016-12-30','17:37:40','2017-01-08 01:37:40','2017-01-08 01:37:40'),(40,'Meal 9 for user a0@null.com',109,3,'2016-12-29','16:37:40','2017-01-08 01:37:40','2017-01-08 01:37:40'),(41,'Meal 10 for user a0@null.com',110,3,'2016-12-28','15:37:40','2017-01-08 01:37:40','2017-01-08 01:37:40'),(42,'Meal 11 for user a0@null.com',111,3,'2016-12-27','14:37:40','2017-01-08 01:37:40','2017-01-08 01:37:40'),(43,'Meal 12 for user a0@null.com',112,3,'2016-12-26','13:37:40','2017-01-08 01:37:40','2017-01-08 01:37:40'),(44,'Meal 13 for user a0@null.com',113,3,'2016-12-25','12:37:40','2017-01-08 01:37:40','2017-01-08 01:37:40'),(45,'Meal 14 for user a0@null.com',114,3,'2016-12-24','11:37:40','2017-01-08 01:37:40','2017-01-08 01:37:40'),(46,'Meal 0 for user r1@null.com',100,4,'2017-01-07','01:37:40','2017-01-08 01:37:40','2017-01-08 01:37:40'),(47,'Meal 1 for user r1@null.com',101,4,'2017-01-06','00:37:40','2017-01-08 01:37:40','2017-01-08 01:37:40'),(48,'Meal 2 for user r1@null.com',102,4,'2017-01-05','23:37:40','2017-01-08 01:37:40','2017-01-08 01:37:40'),(49,'Meal 3 for user r1@null.com',103,4,'2017-01-04','22:37:40','2017-01-08 01:37:40','2017-01-08 01:37:40'),(50,'Meal 4 for user r1@null.com',104,4,'2017-01-03','21:37:40','2017-01-08 01:37:40','2017-01-08 01:37:40'),(51,'Meal 5 for user r1@null.com',105,4,'2017-01-02','20:37:40','2017-01-08 01:37:40','2017-01-08 01:37:40'),(52,'Meal 6 for user r1@null.com',106,4,'2017-01-01','19:37:40','2017-01-08 01:37:40','2017-01-08 01:37:40'),(53,'Meal 7 for user r1@null.com',107,4,'2016-12-31','18:37:40','2017-01-08 01:37:40','2017-01-08 01:37:40'),(54,'Meal 8 for user r1@null.com',108,4,'2016-12-30','17:37:40','2017-01-08 01:37:40','2017-01-08 01:37:40'),(55,'Meal 9 for user r1@null.com',109,4,'2016-12-29','16:37:40','2017-01-08 01:37:40','2017-01-08 01:37:40'),(56,'Meal 10 for user r1@null.com',110,4,'2016-12-28','15:37:40','2017-01-08 01:37:40','2017-01-08 01:37:40'),(57,'Meal 11 for user r1@null.com',111,4,'2016-12-27','14:37:40','2017-01-08 01:37:40','2017-01-08 01:37:40'),(58,'Meal 12 for user r1@null.com',112,4,'2016-12-26','13:37:40','2017-01-08 01:37:40','2017-01-08 01:37:40'),(59,'Meal 13 for user r1@null.com',113,4,'2016-12-25','12:37:40','2017-01-08 01:37:40','2017-01-08 01:37:40'),(60,'Meal 14 for user r1@null.com',114,4,'2016-12-24','11:37:40','2017-01-08 01:37:40','2017-01-08 01:37:40'),(61,'Meal 0 for user m1@null.com',100,5,'2017-01-07','01:37:40','2017-01-08 01:37:40','2017-01-08 01:37:40'),(62,'Meal 1 for user m1@null.com',101,5,'2017-01-06','00:37:40','2017-01-08 01:37:40','2017-01-08 01:37:40'),(63,'Meal 2 for user m1@null.com',102,5,'2017-01-05','23:37:40','2017-01-08 01:37:40','2017-01-08 01:37:40'),(64,'Meal 3 for user m1@null.com',103,5,'2017-01-04','22:37:40','2017-01-08 01:37:40','2017-01-08 01:37:40'),(65,'Meal 4 for user m1@null.com',104,5,'2017-01-03','21:37:40','2017-01-08 01:37:40','2017-01-08 01:37:40'),(66,'Meal 5 for user m1@null.com',105,5,'2017-01-02','20:37:40','2017-01-08 01:37:40','2017-01-08 01:37:40'),(67,'Meal 6 for user m1@null.com',106,5,'2017-01-01','19:37:40','2017-01-08 01:37:40','2017-01-08 01:37:40'),(68,'Meal 7 for user m1@null.com',107,5,'2016-12-31','18:37:40','2017-01-08 01:37:40','2017-01-08 01:37:40'),(69,'Meal 8 for user m1@null.com',108,5,'2016-12-30','17:37:40','2017-01-08 01:37:40','2017-01-08 01:37:40'),(70,'Meal 9 for user m1@null.com',109,5,'2016-12-29','16:37:40','2017-01-08 01:37:40','2017-01-08 01:37:40'),(71,'Meal 10 for user m1@null.com',110,5,'2016-12-28','15:37:40','2017-01-08 01:37:40','2017-01-08 01:37:40'),(72,'Meal 11 for user m1@null.com',111,5,'2016-12-27','14:37:40','2017-01-08 01:37:40','2017-01-08 01:37:40'),(73,'Meal 12 for user m1@null.com',112,5,'2016-12-26','13:37:40','2017-01-08 01:37:40','2017-01-08 01:37:40'),(74,'Meal 13 for user m1@null.com',113,5,'2016-12-25','12:37:40','2017-01-08 01:37:40','2017-01-08 01:37:40'),(75,'Meal 14 for user m1@null.com',114,5,'2016-12-24','11:37:40','2017-01-08 01:37:40','2017-01-08 01:37:40'),(76,'Meal 0 for user a1@null.com',100,6,'2017-01-07','01:37:40','2017-01-08 01:37:40','2017-01-08 01:37:40'),(77,'Meal 1 for user a1@null.com',101,6,'2017-01-06','00:37:40','2017-01-08 01:37:40','2017-01-08 01:37:40'),(78,'Meal 2 for user a1@null.com',102,6,'2017-01-05','23:37:40','2017-01-08 01:37:40','2017-01-08 01:37:40'),(79,'Meal 3 for user a1@null.com',103,6,'2017-01-04','22:37:40','2017-01-08 01:37:40','2017-01-08 01:37:40'),(80,'Meal 4 for user a1@null.com',104,6,'2017-01-03','21:37:40','2017-01-08 01:37:40','2017-01-08 01:37:40'),(81,'Meal 5 for user a1@null.com',105,6,'2017-01-02','20:37:40','2017-01-08 01:37:40','2017-01-08 01:37:40'),(82,'Meal 6 for user a1@null.com',106,6,'2017-01-01','19:37:40','2017-01-08 01:37:40','2017-01-08 01:37:40'),(83,'Meal 7 for user a1@null.com',107,6,'2016-12-31','18:37:40','2017-01-08 01:37:40','2017-01-08 01:37:40'),(84,'Meal 8 for user a1@null.com',108,6,'2016-12-30','17:37:40','2017-01-08 01:37:40','2017-01-08 01:37:40'),(85,'Meal 9 for user a1@null.com',109,6,'2016-12-29','16:37:40','2017-01-08 01:37:40','2017-01-08 01:37:40'),(86,'Meal 10 for user a1@null.com',110,6,'2016-12-28','15:37:40','2017-01-08 01:37:40','2017-01-08 01:37:40'),(87,'Meal 11 for user a1@null.com',111,6,'2016-12-27','14:37:40','2017-01-08 01:37:40','2017-01-08 01:37:40'),(88,'Meal 12 for user a1@null.com',112,6,'2016-12-26','13:37:40','2017-01-08 01:37:40','2017-01-08 01:37:40'),(89,'Meal 13 for user a1@null.com',113,6,'2016-12-25','12:37:40','2017-01-08 01:37:40','2017-01-08 01:37:40'),(90,'Meal 14 for user a1@null.com',114,6,'2016-12-24','11:37:40','2017-01-08 01:37:40','2017-01-08 01:37:40'),(91,'Meal 0 for user r2@null.com',100,7,'2017-01-07','01:37:40','2017-01-08 01:37:40','2017-01-08 01:37:40'),(92,'Meal 1 for user r2@null.com',101,7,'2017-01-06','00:37:40','2017-01-08 01:37:40','2017-01-08 01:37:40'),(93,'Meal 2 for user r2@null.com',102,7,'2017-01-05','23:37:40','2017-01-08 01:37:40','2017-01-08 01:37:40'),(94,'Meal 3 for user r2@null.com',103,7,'2017-01-04','22:37:40','2017-01-08 01:37:40','2017-01-08 01:37:40'),(95,'Meal 4 for user r2@null.com',104,7,'2017-01-03','21:37:40','2017-01-08 01:37:40','2017-01-08 01:37:40'),(96,'Meal 5 for user r2@null.com',105,7,'2017-01-02','20:37:40','2017-01-08 01:37:40','2017-01-08 01:37:40'),(97,'Meal 6 for user r2@null.com',106,7,'2017-01-01','19:37:40','2017-01-08 01:37:40','2017-01-08 01:37:40'),(98,'Meal 7 for user r2@null.com',107,7,'2016-12-31','18:37:40','2017-01-08 01:37:40','2017-01-08 01:37:40'),(99,'Meal 8 for user r2@null.com',108,7,'2016-12-30','17:37:40','2017-01-08 01:37:40','2017-01-08 01:37:40'),(100,'Meal 9 for user r2@null.com',109,7,'2016-12-29','16:37:40','2017-01-08 01:37:40','2017-01-08 01:37:40'),(101,'Meal 10 for user r2@null.com',110,7,'2016-12-28','15:37:40','2017-01-08 01:37:40','2017-01-08 01:37:40'),(102,'Meal 11 for user r2@null.com',111,7,'2016-12-27','14:37:40','2017-01-08 01:37:40','2017-01-08 01:37:40'),(103,'Meal 12 for user r2@null.com',112,7,'2016-12-26','13:37:40','2017-01-08 01:37:40','2017-01-08 01:37:40'),(104,'Meal 13 for user r2@null.com',113,7,'2016-12-25','12:37:40','2017-01-08 01:37:40','2017-01-08 01:37:40'),(105,'Meal 14 for user r2@null.com',114,7,'2016-12-24','11:37:40','2017-01-08 01:37:40','2017-01-08 01:37:40'),(106,'Meal 0 for user m2@null.com',100,8,'2017-01-07','01:37:40','2017-01-08 01:37:40','2017-01-08 01:37:40'),(107,'Meal 1 for user m2@null.com',101,8,'2017-01-06','00:37:40','2017-01-08 01:37:40','2017-01-08 01:37:40'),(108,'Meal 2 for user m2@null.com',102,8,'2017-01-05','23:37:40','2017-01-08 01:37:40','2017-01-08 01:37:40'),(109,'Meal 3 for user m2@null.com',103,8,'2017-01-04','22:37:40','2017-01-08 01:37:40','2017-01-08 01:37:40'),(110,'Meal 4 for user m2@null.com',104,8,'2017-01-03','21:37:40','2017-01-08 01:37:40','2017-01-08 01:37:40'),(111,'Meal 5 for user m2@null.com',105,8,'2017-01-02','20:37:40','2017-01-08 01:37:40','2017-01-08 01:37:40'),(112,'Meal 6 for user m2@null.com',106,8,'2017-01-01','19:37:40','2017-01-08 01:37:40','2017-01-08 01:37:40'),(113,'Meal 7 for user m2@null.com',107,8,'2016-12-31','18:37:40','2017-01-08 01:37:40','2017-01-08 01:37:40'),(114,'Meal 8 for user m2@null.com',108,8,'2016-12-30','17:37:40','2017-01-08 01:37:40','2017-01-08 01:37:40'),(115,'Meal 9 for user m2@null.com',109,8,'2016-12-29','16:37:40','2017-01-08 01:37:40','2017-01-08 01:37:40'),(116,'Meal 10 for user m2@null.com',110,8,'2016-12-28','15:37:40','2017-01-08 01:37:40','2017-01-08 01:37:40'),(117,'Meal 11 for user m2@null.com',111,8,'2016-12-27','14:37:40','2017-01-08 01:37:40','2017-01-08 01:37:40'),(118,'Meal 12 for user m2@null.com',112,8,'2016-12-26','13:37:40','2017-01-08 01:37:40','2017-01-08 01:37:40'),(119,'Meal 13 for user m2@null.com',113,8,'2016-12-25','12:37:40','2017-01-08 01:37:40','2017-01-08 01:37:40'),(120,'Meal 14 for user m2@null.com',114,8,'2016-12-24','11:37:40','2017-01-08 01:37:40','2017-01-08 01:37:40'),(121,'Meal 0 for user a2@null.com',100,9,'2017-01-07','01:37:40','2017-01-08 01:37:40','2017-01-08 01:37:40'),(122,'Meal 1 for user a2@null.com',101,9,'2017-01-06','00:37:40','2017-01-08 01:37:40','2017-01-08 01:37:40'),(123,'Meal 2 for user a2@null.com',102,9,'2017-01-05','23:37:40','2017-01-08 01:37:40','2017-01-08 01:37:40'),(124,'Meal 3 for user a2@null.com',103,9,'2017-01-04','22:37:40','2017-01-08 01:37:40','2017-01-08 01:37:40'),(125,'Meal 4 for user a2@null.com',104,9,'2017-01-03','21:37:40','2017-01-08 01:37:40','2017-01-08 01:37:40'),(126,'Meal 5 for user a2@null.com',105,9,'2017-01-02','20:37:40','2017-01-08 01:37:40','2017-01-08 01:37:40'),(127,'Meal 6 for user a2@null.com',106,9,'2017-01-01','19:37:40','2017-01-08 01:37:40','2017-01-08 01:37:40'),(128,'Meal 7 for user a2@null.com',107,9,'2016-12-31','18:37:40','2017-01-08 01:37:40','2017-01-08 01:37:40'),(129,'Meal 8 for user a2@null.com',108,9,'2016-12-30','17:37:40','2017-01-08 01:37:40','2017-01-08 01:37:40'),(130,'Meal 9 for user a2@null.com',109,9,'2016-12-29','16:37:40','2017-01-08 01:37:40','2017-01-08 01:37:40'),(131,'Meal 10 for user a2@null.com',110,9,'2016-12-28','15:37:40','2017-01-08 01:37:40','2017-01-08 01:37:40'),(132,'Meal 11 for user a2@null.com',111,9,'2016-12-27','14:37:40','2017-01-08 01:37:40','2017-01-08 01:37:40'),(133,'Meal 12 for user a2@null.com',112,9,'2016-12-26','13:37:40','2017-01-08 01:37:40','2017-01-08 01:37:40'),(134,'Meal 13 for user a2@null.com',113,9,'2016-12-25','12:37:40','2017-01-08 01:37:40','2017-01-08 01:37:40'),(135,'Meal 14 for user a2@null.com',114,9,'2016-12-24','11:37:40','2017-01-08 01:37:40','2017-01-08 01:37:40'),(136,'Meal 0 for user r3@null.com',100,10,'2017-01-07','01:37:40','2017-01-08 01:37:40','2017-01-08 01:37:40'),(137,'Meal 1 for user r3@null.com',101,10,'2017-01-06','00:37:40','2017-01-08 01:37:40','2017-01-08 01:37:40'),(138,'Meal 2 for user r3@null.com',102,10,'2017-01-05','23:37:40','2017-01-08 01:37:40','2017-01-08 01:37:40'),(139,'Meal 3 for user r3@null.com',103,10,'2017-01-04','22:37:40','2017-01-08 01:37:40','2017-01-08 01:37:40'),(140,'Meal 4 for user r3@null.com',104,10,'2017-01-03','21:37:40','2017-01-08 01:37:40','2017-01-08 01:37:40'),(141,'Meal 5 for user r3@null.com',105,10,'2017-01-02','20:37:40','2017-01-08 01:37:40','2017-01-08 01:37:40'),(142,'Meal 6 for user r3@null.com',106,10,'2017-01-01','19:37:40','2017-01-08 01:37:40','2017-01-08 01:37:40'),(143,'Meal 7 for user r3@null.com',107,10,'2016-12-31','18:37:40','2017-01-08 01:37:40','2017-01-08 01:37:40'),(144,'Meal 8 for user r3@null.com',108,10,'2016-12-30','17:37:40','2017-01-08 01:37:40','2017-01-08 01:37:40'),(145,'Meal 9 for user r3@null.com',109,10,'2016-12-29','16:37:40','2017-01-08 01:37:40','2017-01-08 01:37:40'),(146,'Meal 10 for user r3@null.com',110,10,'2016-12-28','15:37:40','2017-01-08 01:37:40','2017-01-08 01:37:40'),(147,'Meal 11 for user r3@null.com',111,10,'2016-12-27','14:37:40','2017-01-08 01:37:40','2017-01-08 01:37:40'),(148,'Meal 12 for user r3@null.com',112,10,'2016-12-26','13:37:40','2017-01-08 01:37:40','2017-01-08 01:37:40'),(149,'Meal 13 for user r3@null.com',113,10,'2016-12-25','12:37:40','2017-01-08 01:37:40','2017-01-08 01:37:40'),(150,'Meal 14 for user r3@null.com',114,10,'2016-12-24','11:37:40','2017-01-08 01:37:40','2017-01-08 01:37:40'),(151,'Meal 0 for user m3@null.com',100,11,'2017-01-07','01:37:40','2017-01-08 01:37:40','2017-01-08 01:37:40'),(152,'Meal 1 for user m3@null.com',101,11,'2017-01-06','00:37:40','2017-01-08 01:37:40','2017-01-08 01:37:40'),(153,'Meal 2 for user m3@null.com',102,11,'2017-01-05','23:37:40','2017-01-08 01:37:40','2017-01-08 01:37:40'),(154,'Meal 3 for user m3@null.com',103,11,'2017-01-04','22:37:40','2017-01-08 01:37:40','2017-01-08 01:37:40'),(155,'Meal 4 for user m3@null.com',104,11,'2017-01-03','21:37:40','2017-01-08 01:37:40','2017-01-08 01:37:40'),(156,'Meal 5 for user m3@null.com',105,11,'2017-01-02','20:37:40','2017-01-08 01:37:40','2017-01-08 01:37:40'),(157,'Meal 6 for user m3@null.com',106,11,'2017-01-01','19:37:40','2017-01-08 01:37:40','2017-01-08 01:37:40'),(158,'Meal 7 for user m3@null.com',107,11,'2016-12-31','18:37:40','2017-01-08 01:37:40','2017-01-08 01:37:40'),(159,'Meal 8 for user m3@null.com',108,11,'2016-12-30','17:37:40','2017-01-08 01:37:40','2017-01-08 01:37:40'),(160,'Meal 9 for user m3@null.com',109,11,'2016-12-29','16:37:40','2017-01-08 01:37:40','2017-01-08 01:37:40'),(161,'Meal 10 for user m3@null.com',110,11,'2016-12-28','15:37:40','2017-01-08 01:37:40','2017-01-08 01:37:40'),(162,'Meal 11 for user m3@null.com',111,11,'2016-12-27','14:37:40','2017-01-08 01:37:40','2017-01-08 01:37:40'),(163,'Meal 12 for user m3@null.com',112,11,'2016-12-26','13:37:40','2017-01-08 01:37:40','2017-01-08 01:37:40'),(164,'Meal 13 for user m3@null.com',113,11,'2016-12-25','12:37:40','2017-01-08 01:37:40','2017-01-08 01:37:40'),(165,'Meal 14 for user m3@null.com',114,11,'2016-12-24','11:37:40','2017-01-08 01:37:40','2017-01-08 01:37:40'),(166,'Meal 0 for user a3@null.com',100,12,'2017-01-07','01:37:40','2017-01-08 01:37:40','2017-01-08 01:37:40'),(167,'Meal 1 for user a3@null.com',101,12,'2017-01-06','00:37:40','2017-01-08 01:37:40','2017-01-08 01:37:40'),(168,'Meal 2 for user a3@null.com',102,12,'2017-01-05','23:37:40','2017-01-08 01:37:40','2017-01-08 01:37:40'),(169,'Meal 3 for user a3@null.com',103,12,'2017-01-04','22:37:40','2017-01-08 01:37:40','2017-01-08 01:37:40'),(170,'Meal 4 for user a3@null.com',104,12,'2017-01-03','21:37:40','2017-01-08 01:37:40','2017-01-08 01:37:40'),(171,'Meal 5 for user a3@null.com',105,12,'2017-01-02','20:37:40','2017-01-08 01:37:40','2017-01-08 01:37:40'),(172,'Meal 6 for user a3@null.com',106,12,'2017-01-01','19:37:40','2017-01-08 01:37:40','2017-01-08 01:37:40'),(173,'Meal 7 for user a3@null.com',107,12,'2016-12-31','18:37:40','2017-01-08 01:37:40','2017-01-08 01:37:40'),(174,'Meal 8 for user a3@null.com',108,12,'2016-12-30','17:37:40','2017-01-08 01:37:40','2017-01-08 01:37:40'),(175,'Meal 9 for user a3@null.com',109,12,'2016-12-29','16:37:40','2017-01-08 01:37:40','2017-01-08 01:37:40'),(176,'Meal 10 for user a3@null.com',110,12,'2016-12-28','15:37:40','2017-01-08 01:37:40','2017-01-08 01:37:40'),(177,'Meal 11 for user a3@null.com',111,12,'2016-12-27','14:37:40','2017-01-08 01:37:40','2017-01-08 01:37:40'),(178,'Meal 12 for user a3@null.com',112,12,'2016-12-26','13:37:40','2017-01-08 01:37:40','2017-01-08 01:37:40'),(179,'Meal 13 for user a3@null.com',113,12,'2016-12-25','12:37:40','2017-01-08 01:37:40','2017-01-08 01:37:40'),(180,'Meal 14 for user a3@null.com',114,12,'2016-12-24','11:37:40','2017-01-08 01:37:40','2017-01-08 01:37:40'),(181,'Meal 0 for user r4@null.com',100,13,'2017-01-07','01:37:40','2017-01-08 01:37:40','2017-01-08 01:37:40'),(182,'Meal 1 for user r4@null.com',101,13,'2017-01-06','00:37:40','2017-01-08 01:37:40','2017-01-08 01:37:40'),(183,'Meal 2 for user r4@null.com',102,13,'2017-01-05','23:37:40','2017-01-08 01:37:40','2017-01-08 01:37:40'),(184,'Meal 3 for user r4@null.com',103,13,'2017-01-04','22:37:40','2017-01-08 01:37:40','2017-01-08 01:37:40'),(185,'Meal 4 for user r4@null.com',104,13,'2017-01-03','21:37:40','2017-01-08 01:37:40','2017-01-08 01:37:40'),(186,'Meal 5 for user r4@null.com',105,13,'2017-01-02','20:37:40','2017-01-08 01:37:40','2017-01-08 01:37:40'),(187,'Meal 6 for user r4@null.com',106,13,'2017-01-01','19:37:40','2017-01-08 01:37:40','2017-01-08 01:37:40'),(188,'Meal 7 for user r4@null.com',107,13,'2016-12-31','18:37:40','2017-01-08 01:37:40','2017-01-08 01:37:40'),(189,'Meal 8 for user r4@null.com',108,13,'2016-12-30','17:37:40','2017-01-08 01:37:40','2017-01-08 01:37:40'),(190,'Meal 9 for user r4@null.com',109,13,'2016-12-29','16:37:40','2017-01-08 01:37:40','2017-01-08 01:37:40'),(191,'Meal 10 for user r4@null.com',110,13,'2016-12-28','15:37:40','2017-01-08 01:37:40','2017-01-08 01:37:40'),(192,'Meal 11 for user r4@null.com',111,13,'2016-12-27','14:37:40','2017-01-08 01:37:40','2017-01-08 01:37:40'),(193,'Meal 12 for user r4@null.com',112,13,'2016-12-26','13:37:40','2017-01-08 01:37:40','2017-01-08 01:37:40'),(194,'Meal 13 for user r4@null.com',113,13,'2016-12-25','12:37:40','2017-01-08 01:37:40','2017-01-08 01:37:40'),(195,'Meal 14 for user r4@null.com',114,13,'2016-12-24','11:37:40','2017-01-08 01:37:40','2017-01-08 01:37:40'),(196,'Meal 0 for user m4@null.com',100,14,'2017-01-07','01:37:40','2017-01-08 01:37:40','2017-01-08 01:37:40'),(197,'Meal 1 for user m4@null.com',101,14,'2017-01-06','00:37:40','2017-01-08 01:37:40','2017-01-08 01:37:40'),(198,'Meal 2 for user m4@null.com',102,14,'2017-01-05','23:37:40','2017-01-08 01:37:40','2017-01-08 01:37:40'),(199,'Meal 3 for user m4@null.com',103,14,'2017-01-04','22:37:40','2017-01-08 01:37:40','2017-01-08 01:37:40'),(200,'Meal 4 for user m4@null.com',104,14,'2017-01-03','21:37:40','2017-01-08 01:37:40','2017-01-08 01:37:40'),(201,'Meal 5 for user m4@null.com',105,14,'2017-01-02','20:37:40','2017-01-08 01:37:40','2017-01-08 01:37:40'),(202,'Meal 6 for user m4@null.com',106,14,'2017-01-01','19:37:40','2017-01-08 01:37:40','2017-01-08 01:37:40'),(203,'Meal 7 for user m4@null.com',107,14,'2016-12-31','18:37:40','2017-01-08 01:37:40','2017-01-08 01:37:40'),(204,'Meal 8 for user m4@null.com',108,14,'2016-12-30','17:37:40','2017-01-08 01:37:40','2017-01-08 01:37:40'),(205,'Meal 9 for user m4@null.com',109,14,'2016-12-29','16:37:40','2017-01-08 01:37:40','2017-01-08 01:37:40'),(206,'Meal 10 for user m4@null.com',110,14,'2016-12-28','15:37:40','2017-01-08 01:37:40','2017-01-08 01:37:40'),(207,'Meal 11 for user m4@null.com',111,14,'2016-12-27','14:37:40','2017-01-08 01:37:40','2017-01-08 01:37:40'),(208,'Meal 12 for user m4@null.com',112,14,'2016-12-26','13:37:40','2017-01-08 01:37:40','2017-01-08 01:37:40'),(209,'Meal 13 for user m4@null.com',113,14,'2016-12-25','12:37:40','2017-01-08 01:37:40','2017-01-08 01:37:40'),(210,'Meal 14 for user m4@null.com',114,14,'2016-12-24','11:37:40','2017-01-08 01:37:40','2017-01-08 01:37:40'),(211,'Meal 0 for user a4@null.com',100,15,'2017-01-07','01:37:40','2017-01-08 01:37:40','2017-01-08 01:37:40'),(212,'Meal 1 for user a4@null.com',101,15,'2017-01-06','00:37:40','2017-01-08 01:37:40','2017-01-08 01:37:40'),(213,'Meal 2 for user a4@null.com',102,15,'2017-01-05','23:37:40','2017-01-08 01:37:40','2017-01-08 01:37:40'),(214,'Meal 3 for user a4@null.com',103,15,'2017-01-04','22:37:40','2017-01-08 01:37:40','2017-01-08 01:37:40'),(215,'Meal 4 for user a4@null.com',104,15,'2017-01-03','21:37:40','2017-01-08 01:37:40','2017-01-08 01:37:40'),(216,'Meal 5 for user a4@null.com',105,15,'2017-01-02','20:37:40','2017-01-08 01:37:40','2017-01-08 01:37:40'),(217,'Meal 6 for user a4@null.com',106,15,'2017-01-01','19:37:40','2017-01-08 01:37:40','2017-01-08 01:37:40'),(218,'Meal 7 for user a4@null.com',107,15,'2016-12-31','18:37:40','2017-01-08 01:37:40','2017-01-08 01:37:40'),(219,'Meal 8 for user a4@null.com',108,15,'2016-12-30','17:37:40','2017-01-08 01:37:40','2017-01-08 01:37:40'),(220,'Meal 9 for user a4@null.com',109,15,'2016-12-29','16:37:40','2017-01-08 01:37:40','2017-01-08 01:37:40'),(221,'Meal 10 for user a4@null.com',110,15,'2016-12-28','15:37:40','2017-01-08 01:37:40','2017-01-08 01:37:40'),(222,'Meal 11 for user a4@null.com',111,15,'2016-12-27','14:37:40','2017-01-08 01:37:40','2017-01-08 01:37:40'),(223,'Meal 12 for user a4@null.com',112,15,'2016-12-26','13:37:40','2017-01-08 01:37:40','2017-01-08 01:37:40'),(224,'Meal 13 for user a4@null.com',113,15,'2016-12-25','12:37:40','2017-01-08 01:37:40','2017-01-08 01:37:40'),(225,'Meal 14 for user a4@null.com',114,15,'2016-12-24','11:37:40','2017-01-08 01:37:40','2017-01-08 01:37:40'),(226,'Meal 0 for user r5@null.com',100,16,'2017-01-07','01:37:40','2017-01-08 01:37:40','2017-01-08 01:37:40'),(227,'Meal 1 for user r5@null.com',101,16,'2017-01-06','00:37:40','2017-01-08 01:37:40','2017-01-08 01:37:40'),(228,'Meal 2 for user r5@null.com',102,16,'2017-01-05','23:37:40','2017-01-08 01:37:40','2017-01-08 01:37:40'),(229,'Meal 3 for user r5@null.com',103,16,'2017-01-04','22:37:40','2017-01-08 01:37:40','2017-01-08 01:37:40'),(230,'Meal 4 for user r5@null.com',104,16,'2017-01-03','21:37:40','2017-01-08 01:37:40','2017-01-08 01:37:40'),(231,'Meal 5 for user r5@null.com',105,16,'2017-01-02','20:37:40','2017-01-08 01:37:40','2017-01-08 01:37:40'),(232,'Meal 6 for user r5@null.com',106,16,'2017-01-01','19:37:40','2017-01-08 01:37:40','2017-01-08 01:37:40'),(233,'Meal 7 for user r5@null.com',107,16,'2016-12-31','18:37:40','2017-01-08 01:37:40','2017-01-08 01:37:40'),(234,'Meal 8 for user r5@null.com',108,16,'2016-12-30','17:37:40','2017-01-08 01:37:40','2017-01-08 01:37:40'),(235,'Meal 9 for user r5@null.com',109,16,'2016-12-29','16:37:40','2017-01-08 01:37:40','2017-01-08 01:37:40'),(236,'Meal 10 for user r5@null.com',110,16,'2016-12-28','15:37:40','2017-01-08 01:37:40','2017-01-08 01:37:40'),(237,'Meal 11 for user r5@null.com',111,16,'2016-12-27','14:37:40','2017-01-08 01:37:40','2017-01-08 01:37:40'),(238,'Meal 12 for user r5@null.com',112,16,'2016-12-26','13:37:40','2017-01-08 01:37:40','2017-01-08 01:37:40'),(239,'Meal 13 for user r5@null.com',113,16,'2016-12-25','12:37:40','2017-01-08 01:37:40','2017-01-08 01:37:40'),(240,'Meal 14 for user r5@null.com',114,16,'2016-12-24','11:37:40','2017-01-08 01:37:40','2017-01-08 01:37:40'),(241,'Meal 0 for user m5@null.com',100,17,'2017-01-07','01:37:40','2017-01-08 01:37:40','2017-01-08 01:37:40'),(242,'Meal 1 for user m5@null.com',101,17,'2017-01-06','00:37:40','2017-01-08 01:37:40','2017-01-08 01:37:40'),(243,'Meal 2 for user m5@null.com',102,17,'2017-01-05','23:37:40','2017-01-08 01:37:40','2017-01-08 01:37:40'),(244,'Meal 3 for user m5@null.com',103,17,'2017-01-04','22:37:40','2017-01-08 01:37:40','2017-01-08 01:37:40'),(245,'Meal 4 for user m5@null.com',104,17,'2017-01-03','21:37:40','2017-01-08 01:37:40','2017-01-08 01:37:40'),(246,'Meal 5 for user m5@null.com',105,17,'2017-01-02','20:37:40','2017-01-08 01:37:40','2017-01-08 01:37:40'),(247,'Meal 6 for user m5@null.com',106,17,'2017-01-01','19:37:40','2017-01-08 01:37:40','2017-01-08 01:37:40'),(248,'Meal 7 for user m5@null.com',107,17,'2016-12-31','18:37:40','2017-01-08 01:37:40','2017-01-08 01:37:40'),(249,'Meal 8 for user m5@null.com',108,17,'2016-12-30','17:37:40','2017-01-08 01:37:40','2017-01-08 01:37:40'),(250,'Meal 9 for user m5@null.com',109,17,'2016-12-29','16:37:40','2017-01-08 01:37:40','2017-01-08 01:37:40'),(251,'Meal 10 for user m5@null.com',110,17,'2016-12-28','15:37:40','2017-01-08 01:37:40','2017-01-08 01:37:40'),(252,'Meal 11 for user m5@null.com',111,17,'2016-12-27','14:37:40','2017-01-08 01:37:40','2017-01-08 01:37:40'),(253,'Meal 12 for user m5@null.com',112,17,'2016-12-26','13:37:40','2017-01-08 01:37:40','2017-01-08 01:37:40'),(254,'Meal 13 for user m5@null.com',113,17,'2016-12-25','12:37:40','2017-01-08 01:37:40','2017-01-08 01:37:40'),(255,'Meal 14 for user m5@null.com',114,17,'2016-12-24','11:37:40','2017-01-08 01:37:40','2017-01-08 01:37:40'),(256,'Meal 0 for user a5@null.com',100,18,'2017-01-07','01:37:40','2017-01-08 01:37:40','2017-01-08 01:37:40'),(257,'Meal 1 for user a5@null.com',101,18,'2017-01-06','00:37:40','2017-01-08 01:37:40','2017-01-08 01:37:40'),(258,'Meal 2 for user a5@null.com',102,18,'2017-01-05','23:37:40','2017-01-08 01:37:40','2017-01-08 01:37:40'),(259,'Meal 3 for user a5@null.com',103,18,'2017-01-04','22:37:40','2017-01-08 01:37:40','2017-01-08 01:37:40'),(260,'Meal 4 for user a5@null.com',104,18,'2017-01-03','21:37:40','2017-01-08 01:37:40','2017-01-08 01:37:40'),(261,'Meal 5 for user a5@null.com',105,18,'2017-01-02','20:37:40','2017-01-08 01:37:40','2017-01-08 01:37:40'),(262,'Meal 6 for user a5@null.com',106,18,'2017-01-01','19:37:40','2017-01-08 01:37:40','2017-01-08 01:37:40'),(263,'Meal 7 for user a5@null.com',107,18,'2016-12-31','18:37:40','2017-01-08 01:37:40','2017-01-08 01:37:40'),(264,'Meal 8 for user a5@null.com',108,18,'2016-12-30','17:37:40','2017-01-08 01:37:40','2017-01-08 01:37:40'),(265,'Meal 9 for user a5@null.com',109,18,'2016-12-29','16:37:40','2017-01-08 01:37:40','2017-01-08 01:37:40'),(266,'Meal 10 for user a5@null.com',110,18,'2016-12-28','15:37:40','2017-01-08 01:37:40','2017-01-08 01:37:40'),(267,'Meal 11 for user a5@null.com',111,18,'2016-12-27','14:37:40','2017-01-08 01:37:40','2017-01-08 01:37:40'),(268,'Meal 12 for user a5@null.com',112,18,'2016-12-26','13:37:40','2017-01-08 01:37:40','2017-01-08 01:37:40'),(269,'Meal 13 for user a5@null.com',113,18,'2016-12-25','12:37:40','2017-01-08 01:37:40','2017-01-08 01:37:40'),(270,'Meal 14 for user a5@null.com',114,18,'2016-12-24','11:37:40','2017-01-08 01:37:40','2017-01-08 01:37:40'),(271,'Meal 0 for user r6@null.com',100,19,'2017-01-07','01:37:40','2017-01-08 01:37:40','2017-01-08 01:37:40'),(272,'Meal 1 for user r6@null.com',101,19,'2017-01-06','00:37:40','2017-01-08 01:37:40','2017-01-08 01:37:40'),(273,'Meal 2 for user r6@null.com',102,19,'2017-01-05','23:37:40','2017-01-08 01:37:40','2017-01-08 01:37:40'),(274,'Meal 3 for user r6@null.com',103,19,'2017-01-04','22:37:40','2017-01-08 01:37:40','2017-01-08 01:37:40'),(275,'Meal 4 for user r6@null.com',104,19,'2017-01-03','21:37:40','2017-01-08 01:37:40','2017-01-08 01:37:40'),(276,'Meal 5 for user r6@null.com',105,19,'2017-01-02','20:37:40','2017-01-08 01:37:40','2017-01-08 01:37:40'),(277,'Meal 6 for user r6@null.com',106,19,'2017-01-01','19:37:40','2017-01-08 01:37:40','2017-01-08 01:37:40'),(278,'Meal 7 for user r6@null.com',107,19,'2016-12-31','18:37:40','2017-01-08 01:37:40','2017-01-08 01:37:40'),(279,'Meal 8 for user r6@null.com',108,19,'2016-12-30','17:37:40','2017-01-08 01:37:40','2017-01-08 01:37:40'),(280,'Meal 9 for user r6@null.com',109,19,'2016-12-29','16:37:40','2017-01-08 01:37:40','2017-01-08 01:37:40'),(281,'Meal 10 for user r6@null.com',110,19,'2016-12-28','15:37:40','2017-01-08 01:37:40','2017-01-08 01:37:40'),(282,'Meal 11 for user r6@null.com',111,19,'2016-12-27','14:37:40','2017-01-08 01:37:40','2017-01-08 01:37:40'),(283,'Meal 12 for user r6@null.com',112,19,'2016-12-26','13:37:40','2017-01-08 01:37:40','2017-01-08 01:37:40'),(284,'Meal 13 for user r6@null.com',113,19,'2016-12-25','12:37:40','2017-01-08 01:37:40','2017-01-08 01:37:40'),(285,'Meal 14 for user r6@null.com',114,19,'2016-12-24','11:37:40','2017-01-08 01:37:40','2017-01-08 01:37:40'),(286,'Meal 0 for user m6@null.com',100,20,'2017-01-07','01:37:40','2017-01-08 01:37:40','2017-01-08 01:37:40'),(287,'Meal 1 for user m6@null.com',101,20,'2017-01-06','00:37:40','2017-01-08 01:37:40','2017-01-08 01:37:40'),(288,'Meal 2 for user m6@null.com',102,20,'2017-01-05','23:37:40','2017-01-08 01:37:40','2017-01-08 01:37:40'),(289,'Meal 3 for user m6@null.com',103,20,'2017-01-04','22:37:40','2017-01-08 01:37:40','2017-01-08 01:37:40'),(290,'Meal 4 for user m6@null.com',104,20,'2017-01-03','21:37:40','2017-01-08 01:37:40','2017-01-08 01:37:40'),(291,'Meal 5 for user m6@null.com',105,20,'2017-01-02','20:37:40','2017-01-08 01:37:40','2017-01-08 01:37:40'),(292,'Meal 6 for user m6@null.com',106,20,'2017-01-01','19:37:40','2017-01-08 01:37:40','2017-01-08 01:37:40'),(293,'Meal 7 for user m6@null.com',107,20,'2016-12-31','18:37:40','2017-01-08 01:37:40','2017-01-08 01:37:40'),(294,'Meal 8 for user m6@null.com',108,20,'2016-12-30','17:37:40','2017-01-08 01:37:40','2017-01-08 01:37:40'),(295,'Meal 9 for user m6@null.com',109,20,'2016-12-29','16:37:40','2017-01-08 01:37:40','2017-01-08 01:37:40'),(296,'Meal 10 for user m6@null.com',110,20,'2016-12-28','15:37:40','2017-01-08 01:37:40','2017-01-08 01:37:40'),(297,'Meal 11 for user m6@null.com',111,20,'2016-12-27','14:37:40','2017-01-08 01:37:40','2017-01-08 01:37:40'),(298,'Meal 12 for user m6@null.com',112,20,'2016-12-26','13:37:40','2017-01-08 01:37:40','2017-01-08 01:37:40'),(299,'Meal 13 for user m6@null.com',113,20,'2016-12-25','12:37:40','2017-01-08 01:37:40','2017-01-08 01:37:40'),(300,'Meal 14 for user m6@null.com',114,20,'2016-12-24','11:37:40','2017-01-08 01:37:40','2017-01-08 01:37:40'),(301,'Meal 0 for user a6@null.com',100,21,'2017-01-07','01:37:40','2017-01-08 01:37:40','2017-01-08 01:37:40'),(302,'Meal 1 for user a6@null.com',101,21,'2017-01-06','00:37:40','2017-01-08 01:37:40','2017-01-08 01:37:40'),(303,'Meal 2 for user a6@null.com',102,21,'2017-01-05','23:37:40','2017-01-08 01:37:40','2017-01-08 01:37:40'),(304,'Meal 3 for user a6@null.com',103,21,'2017-01-04','22:37:40','2017-01-08 01:37:40','2017-01-08 01:37:40'),(305,'Meal 4 for user a6@null.com',104,21,'2017-01-03','21:37:40','2017-01-08 01:37:40','2017-01-08 01:37:40'),(306,'Meal 5 for user a6@null.com',105,21,'2017-01-02','20:37:40','2017-01-08 01:37:40','2017-01-08 01:37:40'),(307,'Meal 6 for user a6@null.com',106,21,'2017-01-01','19:37:40','2017-01-08 01:37:40','2017-01-08 01:37:40'),(308,'Meal 7 for user a6@null.com',107,21,'2016-12-31','18:37:40','2017-01-08 01:37:40','2017-01-08 01:37:40'),(309,'Meal 8 for user a6@null.com',108,21,'2016-12-30','17:37:40','2017-01-08 01:37:40','2017-01-08 01:37:40'),(310,'Meal 9 for user a6@null.com',109,21,'2016-12-29','16:37:40','2017-01-08 01:37:40','2017-01-08 01:37:40'),(311,'Meal 10 for user a6@null.com',110,21,'2016-12-28','15:37:40','2017-01-08 01:37:40','2017-01-08 01:37:40'),(312,'Meal 11 for user a6@null.com',111,21,'2016-12-27','14:37:40','2017-01-08 01:37:40','2017-01-08 01:37:40'),(313,'Meal 12 for user a6@null.com',112,21,'2016-12-26','13:37:40','2017-01-08 01:37:40','2017-01-08 01:37:40'),(314,'Meal 13 for user a6@null.com',113,21,'2016-12-25','12:37:41','2017-01-08 01:37:41','2017-01-08 01:37:41'),(315,'Meal 14 for user a6@null.com',114,21,'2016-12-24','11:37:41','2017-01-08 01:37:41','2017-01-08 01:37:41'),(316,'Meal 0 for user r7@null.com',100,22,'2017-01-07','01:37:41','2017-01-08 01:37:41','2017-01-08 01:37:41'),(317,'Meal 1 for user r7@null.com',101,22,'2017-01-06','00:37:41','2017-01-08 01:37:41','2017-01-08 01:37:41'),(318,'Meal 2 for user r7@null.com',102,22,'2017-01-05','23:37:41','2017-01-08 01:37:41','2017-01-08 01:37:41'),(319,'Meal 3 for user r7@null.com',103,22,'2017-01-04','22:37:41','2017-01-08 01:37:41','2017-01-08 01:37:41'),(320,'Meal 4 for user r7@null.com',104,22,'2017-01-03','21:37:41','2017-01-08 01:37:41','2017-01-08 01:37:41'),(321,'Meal 5 for user r7@null.com',105,22,'2017-01-02','20:37:41','2017-01-08 01:37:41','2017-01-08 01:37:41'),(322,'Meal 6 for user r7@null.com',106,22,'2017-01-01','19:37:41','2017-01-08 01:37:41','2017-01-08 01:37:41'),(323,'Meal 7 for user r7@null.com',107,22,'2016-12-31','18:37:41','2017-01-08 01:37:41','2017-01-08 01:37:41'),(324,'Meal 8 for user r7@null.com',108,22,'2016-12-30','17:37:41','2017-01-08 01:37:41','2017-01-08 01:37:41'),(325,'Meal 9 for user r7@null.com',109,22,'2016-12-29','16:37:41','2017-01-08 01:37:41','2017-01-08 01:37:41'),(326,'Meal 10 for user r7@null.com',110,22,'2016-12-28','15:37:41','2017-01-08 01:37:41','2017-01-08 01:37:41'),(327,'Meal 11 for user r7@null.com',111,22,'2016-12-27','14:37:41','2017-01-08 01:37:41','2017-01-08 01:37:41'),(328,'Meal 12 for user r7@null.com',112,22,'2016-12-26','13:37:41','2017-01-08 01:37:41','2017-01-08 01:37:41'),(329,'Meal 13 for user r7@null.com',113,22,'2016-12-25','12:37:41','2017-01-08 01:37:41','2017-01-08 01:37:41'),(330,'Meal 14 for user r7@null.com',114,22,'2016-12-24','11:37:41','2017-01-08 01:37:41','2017-01-08 01:37:41'),(331,'Meal 0 for user m7@null.com',100,23,'2017-01-07','01:37:41','2017-01-08 01:37:41','2017-01-08 01:37:41'),(332,'Meal 1 for user m7@null.com',101,23,'2017-01-06','00:37:41','2017-01-08 01:37:41','2017-01-08 01:37:41'),(333,'Meal 2 for user m7@null.com',102,23,'2017-01-05','23:37:41','2017-01-08 01:37:41','2017-01-08 01:37:41'),(334,'Meal 3 for user m7@null.com',103,23,'2017-01-04','22:37:41','2017-01-08 01:37:41','2017-01-08 01:37:41'),(335,'Meal 4 for user m7@null.com',104,23,'2017-01-03','21:37:41','2017-01-08 01:37:41','2017-01-08 01:37:41'),(336,'Meal 5 for user m7@null.com',105,23,'2017-01-02','20:37:41','2017-01-08 01:37:41','2017-01-08 01:37:41'),(337,'Meal 6 for user m7@null.com',106,23,'2017-01-01','19:37:41','2017-01-08 01:37:41','2017-01-08 01:37:41'),(338,'Meal 7 for user m7@null.com',107,23,'2016-12-31','18:37:41','2017-01-08 01:37:41','2017-01-08 01:37:41'),(339,'Meal 8 for user m7@null.com',108,23,'2016-12-30','17:37:41','2017-01-08 01:37:41','2017-01-08 01:37:41'),(340,'Meal 9 for user m7@null.com',109,23,'2016-12-29','16:37:41','2017-01-08 01:37:41','2017-01-08 01:37:41'),(341,'Meal 10 for user m7@null.com',110,23,'2016-12-28','15:37:41','2017-01-08 01:37:41','2017-01-08 01:37:41'),(342,'Meal 11 for user m7@null.com',111,23,'2016-12-27','14:37:41','2017-01-08 01:37:41','2017-01-08 01:37:41'),(343,'Meal 12 for user m7@null.com',112,23,'2016-12-26','13:37:41','2017-01-08 01:37:41','2017-01-08 01:37:41'),(344,'Meal 13 for user m7@null.com',113,23,'2016-12-25','12:37:41','2017-01-08 01:37:41','2017-01-08 01:37:41'),(345,'Meal 14 for user m7@null.com',114,23,'2016-12-24','11:37:41','2017-01-08 01:37:41','2017-01-08 01:37:41'),(346,'Meal 0 for user a7@null.com',100,24,'2017-01-07','01:37:41','2017-01-08 01:37:41','2017-01-08 01:37:41'),(347,'Meal 1 for user a7@null.com',101,24,'2017-01-06','00:37:41','2017-01-08 01:37:41','2017-01-08 01:37:41'),(348,'Meal 2 for user a7@null.com',102,24,'2017-01-05','23:37:41','2017-01-08 01:37:41','2017-01-08 01:37:41'),(349,'Meal 3 for user a7@null.com',103,24,'2017-01-04','22:37:41','2017-01-08 01:37:41','2017-01-08 01:37:41'),(350,'Meal 4 for user a7@null.com',104,24,'2017-01-03','21:37:41','2017-01-08 01:37:41','2017-01-08 01:37:41'),(351,'Meal 5 for user a7@null.com',105,24,'2017-01-02','20:37:41','2017-01-08 01:37:41','2017-01-08 01:37:41'),(352,'Meal 6 for user a7@null.com',106,24,'2017-01-01','19:37:41','2017-01-08 01:37:41','2017-01-08 01:37:41'),(353,'Meal 7 for user a7@null.com',107,24,'2016-12-31','18:37:41','2017-01-08 01:37:41','2017-01-08 01:37:41'),(354,'Meal 8 for user a7@null.com',108,24,'2016-12-30','17:37:41','2017-01-08 01:37:41','2017-01-08 01:37:41'),(355,'Meal 9 for user a7@null.com',109,24,'2016-12-29','16:37:41','2017-01-08 01:37:41','2017-01-08 01:37:41'),(356,'Meal 10 for user a7@null.com',110,24,'2016-12-28','15:37:41','2017-01-08 01:37:41','2017-01-08 01:37:41'),(357,'Meal 11 for user a7@null.com',111,24,'2016-12-27','14:37:41','2017-01-08 01:37:41','2017-01-08 01:37:41'),(358,'Meal 12 for user a7@null.com',112,24,'2016-12-26','13:37:41','2017-01-08 01:37:41','2017-01-08 01:37:41'),(359,'Meal 13 for user a7@null.com',113,24,'2016-12-25','12:37:41','2017-01-08 01:37:41','2017-01-08 01:37:41'),(360,'Meal 14 for user a7@null.com',114,24,'2016-12-24','11:37:41','2017-01-08 01:37:41','2017-01-08 01:37:41'),(361,'Meal 0 for user r8@null.com',100,25,'2017-01-07','01:37:41','2017-01-08 01:37:41','2017-01-08 01:37:41'),(362,'Meal 1 for user r8@null.com',101,25,'2017-01-06','00:37:41','2017-01-08 01:37:41','2017-01-08 01:37:41'),(363,'Meal 2 for user r8@null.com',102,25,'2017-01-05','23:37:41','2017-01-08 01:37:41','2017-01-08 01:37:41'),(364,'Meal 3 for user r8@null.com',103,25,'2017-01-04','22:37:41','2017-01-08 01:37:41','2017-01-08 01:37:41'),(365,'Meal 4 for user r8@null.com',104,25,'2017-01-03','21:37:41','2017-01-08 01:37:41','2017-01-08 01:37:41'),(366,'Meal 5 for user r8@null.com',105,25,'2017-01-02','20:37:41','2017-01-08 01:37:41','2017-01-08 01:37:41'),(367,'Meal 6 for user r8@null.com',106,25,'2017-01-01','19:37:41','2017-01-08 01:37:41','2017-01-08 01:37:41'),(368,'Meal 7 for user r8@null.com',107,25,'2016-12-31','18:37:41','2017-01-08 01:37:41','2017-01-08 01:37:41'),(369,'Meal 8 for user r8@null.com',108,25,'2016-12-30','17:37:41','2017-01-08 01:37:41','2017-01-08 01:37:41'),(370,'Meal 9 for user r8@null.com',109,25,'2016-12-29','16:37:41','2017-01-08 01:37:41','2017-01-08 01:37:41'),(371,'Meal 10 for user r8@null.com',110,25,'2016-12-28','15:37:41','2017-01-08 01:37:41','2017-01-08 01:37:41'),(372,'Meal 11 for user r8@null.com',111,25,'2016-12-27','14:37:41','2017-01-08 01:37:41','2017-01-08 01:37:41'),(373,'Meal 12 for user r8@null.com',112,25,'2016-12-26','13:37:41','2017-01-08 01:37:41','2017-01-08 01:37:41'),(374,'Meal 13 for user r8@null.com',113,25,'2016-12-25','12:37:41','2017-01-08 01:37:41','2017-01-08 01:37:41'),(375,'Meal 14 for user r8@null.com',114,25,'2016-12-24','11:37:41','2017-01-08 01:37:41','2017-01-08 01:37:41'),(376,'Meal 0 for user m8@null.com',100,26,'2017-01-07','01:37:41','2017-01-08 01:37:41','2017-01-08 01:37:41'),(377,'Meal 1 for user m8@null.com',101,26,'2017-01-06','00:37:41','2017-01-08 01:37:41','2017-01-08 01:37:41'),(378,'Meal 2 for user m8@null.com',102,26,'2017-01-05','23:37:41','2017-01-08 01:37:41','2017-01-08 01:37:41'),(379,'Meal 3 for user m8@null.com',103,26,'2017-01-04','22:37:41','2017-01-08 01:37:41','2017-01-08 01:37:41'),(380,'Meal 4 for user m8@null.com',104,26,'2017-01-03','21:37:41','2017-01-08 01:37:41','2017-01-08 01:37:41'),(381,'Meal 5 for user m8@null.com',105,26,'2017-01-02','20:37:41','2017-01-08 01:37:41','2017-01-08 01:37:41'),(382,'Meal 6 for user m8@null.com',106,26,'2017-01-01','19:37:41','2017-01-08 01:37:41','2017-01-08 01:37:41'),(383,'Meal 7 for user m8@null.com',107,26,'2016-12-31','18:37:41','2017-01-08 01:37:41','2017-01-08 01:37:41'),(384,'Meal 8 for user m8@null.com',108,26,'2016-12-30','17:37:41','2017-01-08 01:37:41','2017-01-08 01:37:41'),(385,'Meal 9 for user m8@null.com',109,26,'2016-12-29','16:37:41','2017-01-08 01:37:41','2017-01-08 01:37:41'),(386,'Meal 10 for user m8@null.com',110,26,'2016-12-28','15:37:41','2017-01-08 01:37:41','2017-01-08 01:37:41'),(387,'Meal 11 for user m8@null.com',111,26,'2016-12-27','14:37:41','2017-01-08 01:37:41','2017-01-08 01:37:41'),(388,'Meal 12 for user m8@null.com',112,26,'2016-12-26','13:37:41','2017-01-08 01:37:41','2017-01-08 01:37:41'),(389,'Meal 13 for user m8@null.com',113,26,'2016-12-25','12:37:41','2017-01-08 01:37:41','2017-01-08 01:37:41'),(390,'Meal 14 for user m8@null.com',114,26,'2016-12-24','11:37:41','2017-01-08 01:37:41','2017-01-08 01:37:41'),(391,'Meal 0 for user a8@null.com',100,27,'2017-01-07','01:37:41','2017-01-08 01:37:41','2017-01-08 01:37:41'),(392,'Meal 1 for user a8@null.com',101,27,'2017-01-06','00:37:41','2017-01-08 01:37:41','2017-01-08 01:37:41'),(393,'Meal 2 for user a8@null.com',102,27,'2017-01-05','23:37:41','2017-01-08 01:37:41','2017-01-08 01:37:41'),(394,'Meal 3 for user a8@null.com',103,27,'2017-01-04','22:37:41','2017-01-08 01:37:41','2017-01-08 01:37:41'),(395,'Meal 4 for user a8@null.com',104,27,'2017-01-03','21:37:41','2017-01-08 01:37:41','2017-01-08 01:37:41'),(396,'Meal 5 for user a8@null.com',105,27,'2017-01-02','20:37:41','2017-01-08 01:37:41','2017-01-08 01:37:41'),(397,'Meal 6 for user a8@null.com',106,27,'2017-01-01','19:37:41','2017-01-08 01:37:41','2017-01-08 01:37:41'),(398,'Meal 7 for user a8@null.com',107,27,'2016-12-31','18:37:41','2017-01-08 01:37:41','2017-01-08 01:37:41'),(399,'Meal 8 for user a8@null.com',108,27,'2016-12-30','17:37:41','2017-01-08 01:37:41','2017-01-08 01:37:41'),(400,'Meal 9 for user a8@null.com',109,27,'2016-12-29','16:37:41','2017-01-08 01:37:41','2017-01-08 01:37:41'),(401,'Meal 10 for user a8@null.com',110,27,'2016-12-28','15:37:41','2017-01-08 01:37:41','2017-01-08 01:37:41'),(402,'Meal 11 for user a8@null.com',111,27,'2016-12-27','14:37:41','2017-01-08 01:37:41','2017-01-08 01:37:41'),(403,'Meal 12 for user a8@null.com',112,27,'2016-12-26','13:37:41','2017-01-08 01:37:41','2017-01-08 01:37:41'),(404,'Meal 13 for user a8@null.com',113,27,'2016-12-25','12:37:41','2017-01-08 01:37:41','2017-01-08 01:37:41'),(405,'Meal 14 for user a8@null.com',114,27,'2016-12-24','11:37:41','2017-01-08 01:37:41','2017-01-08 01:37:41'),(406,'Meal 0 for user r9@null.com',100,28,'2017-01-07','01:37:41','2017-01-08 01:37:41','2017-01-08 01:37:41'),(407,'Meal 1 for user r9@null.com',101,28,'2017-01-06','00:37:41','2017-01-08 01:37:41','2017-01-08 01:37:41'),(408,'Meal 2 for user r9@null.com',102,28,'2017-01-05','23:37:41','2017-01-08 01:37:41','2017-01-08 01:37:41'),(409,'Meal 3 for user r9@null.com',103,28,'2017-01-04','22:37:41','2017-01-08 01:37:41','2017-01-08 01:37:41'),(410,'Meal 4 for user r9@null.com',104,28,'2017-01-03','21:37:41','2017-01-08 01:37:41','2017-01-08 01:37:41'),(411,'Meal 5 for user r9@null.com',105,28,'2017-01-02','20:37:41','2017-01-08 01:37:41','2017-01-08 01:37:41'),(412,'Meal 6 for user r9@null.com',106,28,'2017-01-01','19:37:41','2017-01-08 01:37:41','2017-01-08 01:37:41'),(413,'Meal 7 for user r9@null.com',107,28,'2016-12-31','18:37:41','2017-01-08 01:37:41','2017-01-08 01:37:41'),(414,'Meal 8 for user r9@null.com',108,28,'2016-12-30','17:37:41','2017-01-08 01:37:41','2017-01-08 01:37:41'),(415,'Meal 9 for user r9@null.com',109,28,'2016-12-29','16:37:41','2017-01-08 01:37:41','2017-01-08 01:37:41'),(416,'Meal 10 for user r9@null.com',110,28,'2016-12-28','15:37:41','2017-01-08 01:37:41','2017-01-08 01:37:41'),(417,'Meal 11 for user r9@null.com',111,28,'2016-12-27','14:37:41','2017-01-08 01:37:41','2017-01-08 01:37:41'),(418,'Meal 12 for user r9@null.com',112,28,'2016-12-26','13:37:41','2017-01-08 01:37:41','2017-01-08 01:37:41'),(419,'Meal 13 for user r9@null.com',113,28,'2016-12-25','12:37:41','2017-01-08 01:37:41','2017-01-08 01:37:41'),(420,'Meal 14 for user r9@null.com',114,28,'2016-12-24','11:37:41','2017-01-08 01:37:41','2017-01-08 01:37:41'),(421,'Meal 0 for user m9@null.com',100,29,'2017-01-07','01:37:41','2017-01-08 01:37:41','2017-01-08 01:37:41'),(422,'Meal 1 for user m9@null.com',101,29,'2017-01-06','00:37:41','2017-01-08 01:37:41','2017-01-08 01:37:41'),(423,'Meal 2 for user m9@null.com',102,29,'2017-01-05','23:37:41','2017-01-08 01:37:41','2017-01-08 01:37:41'),(424,'Meal 3 for user m9@null.com',103,29,'2017-01-04','22:37:41','2017-01-08 01:37:41','2017-01-08 01:37:41'),(425,'Meal 4 for user m9@null.com',104,29,'2017-01-03','21:37:41','2017-01-08 01:37:41','2017-01-08 01:37:41'),(426,'Meal 5 for user m9@null.com',105,29,'2017-01-02','20:37:41','2017-01-08 01:37:41','2017-01-08 01:37:41'),(427,'Meal 6 for user m9@null.com',106,29,'2017-01-01','19:37:41','2017-01-08 01:37:41','2017-01-08 01:37:41'),(428,'Meal 7 for user m9@null.com',107,29,'2016-12-31','18:37:41','2017-01-08 01:37:41','2017-01-08 01:37:41'),(429,'Meal 8 for user m9@null.com',108,29,'2016-12-30','17:37:41','2017-01-08 01:37:41','2017-01-08 01:37:41'),(430,'Meal 9 for user m9@null.com',109,29,'2016-12-29','16:37:41','2017-01-08 01:37:41','2017-01-08 01:37:41'),(431,'Meal 10 for user m9@null.com',110,29,'2016-12-28','15:37:41','2017-01-08 01:37:41','2017-01-08 01:37:41'),(432,'Meal 11 for user m9@null.com',111,29,'2016-12-27','14:37:41','2017-01-08 01:37:41','2017-01-08 01:37:41'),(433,'Meal 12 for user m9@null.com',112,29,'2016-12-26','13:37:41','2017-01-08 01:37:41','2017-01-08 01:37:41'),(434,'Meal 13 for user m9@null.com',113,29,'2016-12-25','12:37:41','2017-01-08 01:37:41','2017-01-08 01:37:41'),(435,'Meal 14 for user m9@null.com',114,29,'2016-12-24','11:37:41','2017-01-08 01:37:41','2017-01-08 01:37:41'),(436,'Meal 0 for user a9@null.com',100,30,'2017-01-07','01:37:41','2017-01-08 01:37:41','2017-01-08 01:37:41'),(437,'Meal 1 for user a9@null.com',101,30,'2017-01-06','00:37:41','2017-01-08 01:37:41','2017-01-08 01:37:41'),(438,'Meal 2 for user a9@null.com',102,30,'2017-01-05','23:37:41','2017-01-08 01:37:41','2017-01-08 01:37:41'),(439,'Meal 3 for user a9@null.com',103,30,'2017-01-04','22:37:41','2017-01-08 01:37:41','2017-01-08 01:37:41'),(440,'Meal 4 for user a9@null.com',104,30,'2017-01-03','21:37:41','2017-01-08 01:37:41','2017-01-08 01:37:41'),(441,'Meal 5 for user a9@null.com',105,30,'2017-01-02','20:37:41','2017-01-08 01:37:41','2017-01-08 01:37:41'),(442,'Meal 6 for user a9@null.com',106,30,'2017-01-01','19:37:41','2017-01-08 01:37:41','2017-01-08 01:37:41'),(443,'Meal 7 for user a9@null.com',107,30,'2016-12-31','18:37:41','2017-01-08 01:37:41','2017-01-08 01:37:41'),(444,'Meal 8 for user a9@null.com',108,30,'2016-12-30','17:37:41','2017-01-08 01:37:41','2017-01-08 01:37:41'),(445,'Meal 9 for user a9@null.com',109,30,'2016-12-29','16:37:41','2017-01-08 01:37:41','2017-01-08 01:37:41'),(446,'Meal 10 for user a9@null.com',110,30,'2016-12-28','15:37:41','2017-01-08 01:37:41','2017-01-08 01:37:41'),(447,'Meal 11 for user a9@null.com',111,30,'2016-12-27','14:37:41','2017-01-08 01:37:41','2017-01-08 01:37:41'),(448,'Meal 12 for user a9@null.com',112,30,'2016-12-26','13:37:41','2017-01-08 01:37:41','2017-01-08 01:37:41'),(449,'Meal 13 for user a9@null.com',113,30,'2016-12-25','12:37:41','2017-01-08 01:37:41','2017-01-08 01:37:41'),(450,'Meal 14 for user a9@null.com',114,30,'2016-12-24','11:37:41','2017-01-08 01:37:41','2017-01-08 01:37:41');
/*!40000 ALTER TABLE `meals` ENABLE KEYS */;
UNLOCK TABLES;

--
-- Table structure for table `schema_migrations`
--

DROP TABLE IF EXISTS `schema_migrations`;
/*!40101 SET @saved_cs_client     = @@character_set_client */;
/*!40101 SET character_set_client = utf8 */;
CREATE TABLE `schema_migrations` (
  `version` varchar(255) NOT NULL,
  PRIMARY KEY (`version`)
) ENGINE=InnoDB DEFAULT CHARSET=utf8;
/*!40101 SET character_set_client = @saved_cs_client */;

--
-- Dumping data for table `schema_migrations`
--

LOCK TABLES `schema_migrations` WRITE;
/*!40000 ALTER TABLE `schema_migrations` DISABLE KEYS */;
INSERT INTO `schema_migrations` VALUES ('20161229222659'),('20161229230810'),('20170107170445'),('20170107170702');
/*!40000 ALTER TABLE `schema_migrations` ENABLE KEYS */;
UNLOCK TABLES;

--
-- Table structure for table `users`
--

DROP TABLE IF EXISTS `users`;
/*!40101 SET @saved_cs_client     = @@character_set_client */;
/*!40101 SET character_set_client = utf8 */;
CREATE TABLE `users` (
  `id` int(11) NOT NULL AUTO_INCREMENT,
  `provider` varchar(255) NOT NULL DEFAULT 'email',
  `uid` varchar(255) NOT NULL DEFAULT '',
  `encrypted_password` varchar(255) NOT NULL DEFAULT '',
  `reset_password_token` varchar(255) DEFAULT NULL,
  `reset_password_sent_at` datetime DEFAULT NULL,
  `remember_created_at` datetime DEFAULT NULL,
  `sign_in_count` int(11) NOT NULL DEFAULT '0',
  `current_sign_in_at` datetime DEFAULT NULL,
  `last_sign_in_at` datetime DEFAULT NULL,
  `current_sign_in_ip` varchar(255) DEFAULT NULL,
  `last_sign_in_ip` varchar(255) DEFAULT NULL,
  `confirmation_token` varchar(255) DEFAULT NULL,
  `confirmed_at` datetime DEFAULT NULL,
  `confirmation_sent_at` datetime DEFAULT NULL,
  `unconfirmed_email` varchar(255) DEFAULT NULL,
  `name` varchar(255) DEFAULT NULL,
  `nickname` varchar(255) DEFAULT NULL,
  `image` varchar(255) DEFAULT NULL,
  `email` varchar(255) DEFAULT NULL,
  `tokens` text,
  `created_at` datetime NOT NULL,
  `updated_at` datetime NOT NULL,
  `first_name` varchar(255) DEFAULT NULL,
  `last_name` varchar(255) DEFAULT NULL,
  `role` int(11) DEFAULT '100',
  `expected_calories` int(11) DEFAULT NULL,
  PRIMARY KEY (`id`),
  UNIQUE KEY `index_users_on_uid_and_provider` (`uid`,`provider`),
  UNIQUE KEY `index_users_on_reset_password_token` (`reset_password_token`),
  KEY `index_users_on_email` (`email`)
) ENGINE=InnoDB AUTO_INCREMENT=31 DEFAULT CHARSET=utf8;
/*!40101 SET character_set_client = @saved_cs_client */;

--
-- Dumping data for table `users`
--

LOCK TABLES `users` WRITE;
/*!40000 ALTER TABLE `users` DISABLE KEYS */;
INSERT INTO `users` VALUES (1,'email','r0@null.com','$2a$11$l/DcyQ9d8hU8m9LQe3MD1.mujJcjsogsVhgP9DmyAmpUwlssS1pU2',NULL,NULL,NULL,0,NULL,NULL,NULL,NULL,NULL,NULL,NULL,NULL,NULL,NULL,NULL,'r0@null.com','{}','2017-01-08 01:37:35','2017-01-08 01:37:35','rf0','rl0',100,NULL),(2,'email','m0@null.com','$2a$11$fhCiIdBkC9H5NjIUUhGUCOgOnMYPwYaB86jOp70A0NhBU2x9ag8u.',NULL,NULL,NULL,0,NULL,NULL,NULL,NULL,NULL,NULL,NULL,NULL,NULL,NULL,NULL,'m0@null.com','{}','2017-01-08 01:37:35','2017-01-08 01:37:35','mf0','ml0',200,NULL),(3,'email','a0@null.com','$2a$11$bqqeabQCVi5HXbPBbwSAYusJql3RsFXkQMwO0Zb.PhzueXki1TsLy',NULL,NULL,NULL,0,NULL,NULL,NULL,NULL,NULL,NULL,NULL,NULL,NULL,NULL,NULL,'a0@null.com','{}','2017-01-08 01:37:35','2017-01-08 01:37:35','af0','al0',1000,NULL),(4,'email','r1@null.com','$2a$11$DJyAnhInNmc1WUFMM4s4hOzkNO0Hecn8kAV6fJpOKTMzDuth57xsO',NULL,NULL,NULL,0,NULL,NULL,NULL,NULL,NULL,NULL,NULL,NULL,NULL,NULL,NULL,'r1@null.com','{}','2017-01-08 01:37:35','2017-01-08 01:37:35','rf1','rl1',100,NULL),(5,'email','m1@null.com','$2a$11$14wD3nyZwp8qLzf/T4chqeENHpeS6piTTGiMDMW/jv/o9v3qgWYF6',NULL,NULL,NULL,0,NULL,NULL,NULL,NULL,NULL,NULL,NULL,NULL,NULL,NULL,NULL,'m1@null.com','{}','2017-01-08 01:37:36','2017-01-08 01:37:36','mf1','ml1',200,NULL),(6,'email','a1@null.com','$2a$11$/6nbqXN4BYOYqgMwk57dFOdwbh5eUxONXrWg/P4b/LYIt94guBk.W',NULL,NULL,NULL,0,NULL,NULL,NULL,NULL,NULL,NULL,NULL,NULL,NULL,NULL,NULL,'a1@null.com','{}','2017-01-08 01:37:36','2017-01-08 01:37:36','af1','al1',1000,NULL),(7,'email','r2@null.com','$2a$11$G8kUtUOFeZoEIaKKk.BIPe60aXaTcjE2Jtyxrtyu1FdEdwHYyLKPG',NULL,NULL,NULL,0,NULL,NULL,NULL,NULL,NULL,NULL,NULL,NULL,NULL,NULL,NULL,'r2@null.com','{}','2017-01-08 01:37:36','2017-01-08 01:37:36','rf2','rl2',100,NULL),(8,'email','m2@null.com','$2a$11$UUHx7WfXIpkfEtWBQMwpC.kQz9HS.GoSP7yVatziRjP2UjQ54M0s6',NULL,NULL,NULL,0,NULL,NULL,NULL,NULL,NULL,NULL,NULL,NULL,NULL,NULL,NULL,'m2@null.com','{}','2017-01-08 01:37:36','2017-01-08 01:37:36','mf2','ml2',200,NULL),(9,'email','a2@null.com','$2a$11$4dB5Q93MoBev24KD9hywqOM6Bwy2JR0a31ilH10bcBJLjj9WWFPge',NULL,NULL,NULL,0,NULL,NULL,NULL,NULL,NULL,NULL,NULL,NULL,NULL,NULL,NULL,'a2@null.com','{}','2017-01-08 01:37:36','2017-01-08 01:37:36','af2','al2',1000,NULL),(10,'email','r3@null.com','$2a$11$dNKW/drNYuZlJd4dypr6Ke6ZngG.uyIshW1jVlZgy1nHWvNczoUbi',NULL,NULL,NULL,0,NULL,NULL,NULL,NULL,NULL,NULL,NULL,NULL,NULL,NULL,NULL,'r3@null.com','{}','2017-01-08 01:37:36','2017-01-08 01:37:36','rf3','rl3',100,NULL),(11,'email','m3@null.com','$2a$11$E2ISk2vYMbWdlVzmMJcpW.m3pLp.0J8YUaA0DVnVK7lmI0bWZSinS',NULL,NULL,NULL,0,NULL,NULL,NULL,NULL,NULL,NULL,NULL,NULL,NULL,NULL,NULL,'m3@null.com','{}','2017-01-08 01:37:37','2017-01-08 01:37:37','mf3','ml3',200,NULL),(12,'email','a3@null.com','$2a$11$FJIA5t4wJXTaWHdIP8LbT.eqfoQoSd.XKoOvzK89c4I4QNOih4ssC',NULL,NULL,NULL,0,NULL,NULL,NULL,NULL,NULL,NULL,NULL,NULL,NULL,NULL,NULL,'a3@null.com','{}','2017-01-08 01:37:37','2017-01-08 01:37:37','af3','al3',1000,NULL),(13,'email','r4@null.com','$2a$11$ZSatR9Ocu0EQ9N18bvoGKuBeS6hPiHWS9KuT6LxX/aQlILM0yUFdO',NULL,NULL,NULL,0,NULL,NULL,NULL,NULL,NULL,NULL,NULL,NULL,NULL,NULL,NULL,'r4@null.com','{}','2017-01-08 01:37:37','2017-01-08 01:37:37','rf4','rl4',100,NULL),(14,'email','m4@null.com','$2a$11$Wp14QLR8Jj/zBuviFoa5i.g52qmxFqVcayPFlkEWGYDUCHiI4vCsG',NULL,NULL,NULL,0,NULL,NULL,NULL,NULL,NULL,NULL,NULL,NULL,NULL,NULL,NULL,'m4@null.com','{}','2017-01-08 01:37:37','2017-01-08 01:37:37','mf4','ml4',200,NULL),(15,'email','a4@null.com','$2a$11$CeN18u13UWUoeFgNlo5aueN/zdN/tiaAjGOKjYv0whpV8kJUMhFm.',NULL,NULL,NULL,0,NULL,NULL,NULL,NULL,NULL,NULL,NULL,NULL,NULL,NULL,NULL,'a4@null.com','{}','2017-01-08 01:37:37','2017-01-08 01:37:37','af4','al4',1000,NULL),(16,'email','r5@null.com','$2a$11$uk78A.eBf1D7c/vRI0TT8u4A/K7McJO5.0e.n7xX2pIlinb4C6LRu',NULL,NULL,NULL,0,NULL,NULL,NULL,NULL,NULL,NULL,NULL,NULL,NULL,NULL,NULL,'r5@null.com','{}','2017-01-08 01:37:37','2017-01-08 01:37:37','rf5','rl5',100,NULL),(17,'email','m5@null.com','$2a$11$aFlWYxdw9JUBjYosQPOureTPol6KAsVsvoRjY9YuEp1d4Cud4NOEq',NULL,NULL,NULL,0,NULL,NULL,NULL,NULL,NULL,NULL,NULL,NULL,NULL,NULL,NULL,'m5@null.com','{}','2017-01-08 01:37:38','2017-01-08 01:37:38','mf5','ml5',200,NULL),(18,'email','a5@null.com','$2a$11$4Gpl6QMr4buNjgGMyy8iCe.WkoQVt.sK85xAlsQCheh/dARzm8l2O',NULL,NULL,NULL,0,NULL,NULL,NULL,NULL,NULL,NULL,NULL,NULL,NULL,NULL,NULL,'a5@null.com','{}','2017-01-08 01:37:38','2017-01-08 01:37:38','af5','al5',1000,NULL),(19,'email','r6@null.com','$2a$11$wgbLCp3O/qqkMuXiHE8wMOBFnLPuKRm0eZ1Mws6k9MggDkmxTlGsS',NULL,NULL,NULL,0,NULL,NULL,NULL,NULL,NULL,NULL,NULL,NULL,NULL,NULL,NULL,'r6@null.com','{}','2017-01-08 01:37:38','2017-01-08 01:37:38','rf6','rl6',100,NULL),(20,'email','m6@null.com','$2a$11$nRpuaSpzlYiQFySim79ORefcuUIxJldukkteSscpr2PRO27hpRmdq',NULL,NULL,NULL,0,NULL,NULL,NULL,NULL,NULL,NULL,NULL,NULL,NULL,NULL,NULL,'m6@null.com','{}','2017-01-08 01:37:38','2017-01-08 01:37:38','mf6','ml6',200,NULL),(21,'email','a6@null.com','$2a$11$tzYOUa2Phl0ZRd3drAyaqeHWKrsBKIsxn0HMX7/qQsHkLhmecs5fa',NULL,NULL,NULL,0,NULL,NULL,NULL,NULL,NULL,NULL,NULL,NULL,NULL,NULL,NULL,'a6@null.com','{}','2017-01-08 01:37:38','2017-01-08 01:37:38','af6','al6',1000,NULL),(22,'email','r7@null.com','$2a$11$423LnyX4Y/id6JyJWYuvJOi5soy2k3DwxFllfVuhA0oP1NCici1XC',NULL,NULL,NULL,0,NULL,NULL,NULL,NULL,NULL,NULL,NULL,NULL,NULL,NULL,NULL,'r7@null.com','{}','2017-01-08 01:37:38','2017-01-08 01:37:38','rf7','rl7',100,NULL),(23,'email','m7@null.com','$2a$11$WF6rCrZf/7d88FaeiVnlHekyewTR3WYwLQznv.AyMf09R2PT.AzYO',NULL,NULL,NULL,0,NULL,NULL,NULL,NULL,NULL,NULL,NULL,NULL,NULL,NULL,NULL,'m7@null.com','{}','2017-01-08 01:37:38','2017-01-08 01:37:38','mf7','ml7',200,NULL),(24,'email','a7@null.com','$2a$11$BX2sbSpsanqNiURVhpZV3uKd5YJUAuC8opiLszvat3qxiwZZPgZxO',NULL,NULL,NULL,0,NULL,NULL,NULL,NULL,NULL,NULL,NULL,NULL,NULL,NULL,NULL,'a7@null.com','{}','2017-01-08 01:37:39','2017-01-08 01:37:39','af7','al7',1000,NULL),(25,'email','r8@null.com','$2a$11$D4e2OgSW8Vj3TVw5holoS.3Zy1rl7m1ezMmdtgzB7M.YRnfk0m40W',NULL,NULL,NULL,0,NULL,NULL,NULL,NULL,NULL,NULL,NULL,NULL,NULL,NULL,NULL,'r8@null.com','{}','2017-01-08 01:37:39','2017-01-08 01:37:39','rf8','rl8',100,NULL),(26,'email','m8@null.com','$2a$11$YclutNk4Z0yho9tH0XSgJu/rEsPdjhfBbd7zYDP7JvSje5HdrPixe',NULL,NULL,NULL,0,NULL,NULL,NULL,NULL,NULL,NULL,NULL,NULL,NULL,NULL,NULL,'m8@null.com','{}','2017-01-08 01:37:39','2017-01-08 01:37:39','mf8','ml8',200,NULL),(27,'email','a8@null.com','$2a$11$JV2uq2RvdKw.uhmFuEy9Ue2teq./0QFAkMHgkw8/36.t55gWEOhbK',NULL,NULL,NULL,0,NULL,NULL,NULL,NULL,NULL,NULL,NULL,NULL,NULL,NULL,NULL,'a8@null.com','{}','2017-01-08 01:37:39','2017-01-08 01:37:39','af8','al8',1000,NULL),(28,'email','r9@null.com','$2a$11$X4p0i.hKVAzPt1BCsrMLOepVhx0uLSpZdsj1S1p6AkktzRf9moaRC',NULL,NULL,NULL,0,NULL,NULL,NULL,NULL,NULL,NULL,NULL,NULL,NULL,NULL,NULL,'r9@null.com','{}','2017-01-08 01:37:39','2017-01-08 01:37:39','rf9','rl9',100,NULL),(29,'email','m9@null.com','$2a$11$uBk6tqdvpiKAH02Zx0kF0udN8.cTMeEHbLHKt1J447us4aPL4Wiw6',NULL,NULL,NULL,0,NULL,NULL,NULL,NULL,NULL,NULL,NULL,NULL,NULL,NULL,NULL,'m9@null.com','{}','2017-01-08 01:37:39','2017-01-08 01:37:39','mf9','ml9',200,NULL),(30,'email','a9@null.com','$2a$11$CFXkqQxIjq.Zr0FQwycly.Emdo.NOaFoF./XYmXjMIvgd7faZrGgy',NULL,NULL,NULL,0,NULL,NULL,NULL,NULL,NULL,NULL,NULL,NULL,NULL,NULL,NULL,'a9@null.com','{}','2017-01-08 01:37:40','2017-01-08 01:37:40','af9','al9',1000,NULL);
/*!40000 ALTER TABLE `users` ENABLE KEYS */;
UNLOCK TABLES;
/*!40103 SET TIME_ZONE=@OLD_TIME_ZONE */;

/*!40101 SET SQL_MODE=@OLD_SQL_MODE */;
/*!40014 SET FOREIGN_KEY_CHECKS=@OLD_FOREIGN_KEY_CHECKS */;
/*!40014 SET UNIQUE_CHECKS=@OLD_UNIQUE_CHECKS */;
/*!40101 SET CHARACTER_SET_CLIENT=@OLD_CHARACTER_SET_CLIENT */;
/*!40101 SET CHARACTER_SET_RESULTS=@OLD_CHARACTER_SET_RESULTS */;
/*!40101 SET COLLATION_CONNECTION=@OLD_COLLATION_CONNECTION */;
/*!40111 SET SQL_NOTES=@OLD_SQL_NOTES */;

-- Dump completed on 2017-01-07 18:37:41
